L2_ID,두산 L2,L3_ID,L3_Name,L4_ID,L4_Name,L4_Description,L5_ID,L5_Name,L5_Description
1,채용,1.1,채용 전략 수립,1.1.1,채용 전략 수립,회사의 채용 방향성/전략 수립 관련 업무,1.1.1.1,채용 방향성 설정,해당년도 채용 방향성 기획안 작성
1,채용,1.1,채용 전략 수립,1.1.1,채용 전략 수립,,1.1.1.2,채용 트렌드 분석,최근 국내외 채용 시장의 트렌드 분석
1,채용,1.1,채용 전략 수립,1.1.1,채용 전략 수립,,1.1.1.3,채용 콘셉트 도출,두산의 비전과 Align 된 채용 브랜딩 전략 및 콘셉트 도출
1,채용,1.1,채용 전략 수립,1.1.1,채용 전략 수립,,1.1.1.4,홍보 채널 전략 수립,타깃 인재 노출 극대화를 위한 전략적 채널 활용 계획 수립
1,채용,1.1,채용 전략 수립,1.1.2,채용 대상 선정,"주요 포지션(직군, 직무)의 원활한 채용을 위한 외부환경 분석을 실시함",1.1.2.1,경쟁사 분석,"국내외 주요 경쟁사(북미, 유럽, 국내외 대기업 등)의 인력 확보 현황, 연봉, 수요 분석"
1,채용,1.1,채용 전략 수립,1.1.2,채용 대상 선정,,1.1.2.2,채용 Target 설정,각 포지션에 적합한 채용 타겟을 설정
1,채용,1.1,채용 전략 수립,1.1.2,채용 대상 선정,,1.1.2.3,타깃군 분석,"타깃군(우수인재)의 국/내외 처우 수준, 커리어 패스 조사 및 리서치"
1,채용,1.2,채용 브랜드 구축,1.2.1,그룹채용 브랜드 구축,인재 채용에 앞서 회사의 가치와 매력을 효과적으로 알리고 우수한 인재를 영입하기 위해 채용 브랜딩 전략을 수립하고 실행하는 활동,1.2.1.1,채용 브랜드 강화 전략 수립,두산의 비전과 핵심가치를 홍보할 수 있는 채용 브랜드 도출
1,채용,1.2,채용 브랜드 구축,1.2.1,그룹채용 브랜드 구축,,1.2.1.2,채용 브랜드 메시지/이미지 개발,차별화 된 채용 메시지(예. Catch Phrase)와 공통 이미지 개발
1,채용,1.2,채용 브랜드 구축,1.2.1,그룹채용 브랜드 구축,,1.2.1.3,채용 브랜드 전파,지원자 대상 두산 채용 브랜드 전파 (=결국은 홍보와 연결되는 것 같습니다.)
1,채용,1.2,채용 브랜드 구축,1.2.2,홍보 컨텐츠 기획,잠재적 지원자가 회사/사업/채용 관련 다양한 정보를 한 눈에 확인할 수 있도록 채용 홍보 콘텐츠를 기획함,1.2.2.1,홍보 컨텐츠 제작 계획 수립,"제작 컨텐츠 종류, 제작 방향성, 제작 일정/예산, 제작 지원 인력 선정 등 전과정 포함"
1,채용,1.2,채용 브랜드 구축,1.2.2,홍보 컨텐츠 기획,,1.2.2.2,제작 업체 선정 및 품의,"홍보물 제작 업체 Pool 확인 및 선정 (견적 등 포함), 예산 품의 등"
1,채용,1.2,채용 브랜드 구축,1.2.3,홍보 컨텐츠 제작,,1.2.3.1,홍보물 제작 진행,"업체 등을 활용한 시나리오, 세부 디자인 작업 등"
1,채용,1.2,채용 브랜드 구축,1.2.3,홍보 컨텐츠 제작,"기업이 제공하는 가치, 문화, 성장 기회 등 고유한 Employer Value Proposition을 정립하고 일관되게 전달하는 업무",1.2.3.2,홍보물 보고,제작 홍보물 내부 보고(-전 reporting 라인)
1,채용,1.2,채용 브랜드 구축,1.2.4,홍보 컨텐츠 노출,,1.2.4.1,홍보 업체 선정 및 계약,홍보를 위한 외부 업체 선정 및 계약 진행
1,채용,1.2,채용 브랜드 구축,1.2.4,홍보 컨텐츠 노출,,1.2.4.2,홍보물 게시,"홍보물 게시(온/오프라인) 및 후속 관리
-온라인: 온라인 홍보 이미지/홈페이지, 인스타그램, 링크드인, 유튜브 등
- 오프라인: 현수막/포스터 게시 등"
1,채용,1.2,채용 브랜드 구축,1.2.5,채용 홍보 채널 관리,채용 홍보물이 게시되고 있는 채널들을 관리함,1.2.5.1,커리어두산 홍보 콘텐츠 관리,"두산 공식 채용 사이트에 공동으로 게시되는 홍보 사항 등을 업데이트하여, 지원자에게 회사 관련 최신 정보를 제공"
1,채용,1.2,채용 브랜드 구축,1.2.5,채용 홍보 채널 관리,,1.2.5.2,채용 홍보 홈페이지 콘텐츠 업데이트,"자회사 채용 진행을 위한 홍보 사이트(예. 마이크로 페이지 등) 최신 공고, 직원 인터뷰, 기업 문화 소개 등을 정기적으로 게시하여 지원자에게 최신 정보를 제공"
1,채용,1.2,채용 브랜드 구축,1.2.6,채용 홍보 채널 효과성 분석,운영 효율화 및 개선을 위해 채용 홍보가 이루어지고 있는 채널들의 효과성을 분석함,1.2.6.1,홍보 및 입사지원 유입 데이터를 파악,지원자의 채용정보 인지 채널 확인
1,채용,1.2,채용 브랜드 구축,1.2.6,채용 홍보 채널 효과성 분석,,1.2.6.2,채용 채널 데이터 추출 및 분석,지원자의 채용정보 인지 채널 확인
1,채용,1.2,채용 브랜드 구축,1.2.6,채용 홍보 채널 효과성 분석,,1.2.6.2,채용 채널 데이터 추출 및 분석,사이트 통계를 활용한 자사 채용페이지 유입률 분석 수행
1,채용,1.2,채용 브랜드 구축,1.2.6,채용 홍보 채널 효과성 분석,,1.2.6.3,채용 채널 모니터링,사이트 통계를 활용한 지원자 유입 경로 및 이탈 포인트 모니터링 및 분석
1,채용,1.2,채용 브랜드 구축,1.2.7,Pre-recruiting  기획,조직의 목표와 인재상에 맞는 Pre-recruiting 구조를 설계함,1.2.7.1,Pre-recruiting 전략 수립,효과적인 Pre-recruiting 진행을 위한 세부 전략을 기획하고 보고함
1,채용,1.2,채용 브랜드 구축,1.2.7,Pre-recruiting  기획,,1.2.7.2,우수인재 파이프라인 발급,논문/학회/커뮤니티 등 우수인재를 유치할 수 있는 파이프라인을 발굴함(산학과제 수행 인력 Caring 등 포함)
1,채용,1.2,채용 브랜드 구축,1.2.8,Pre-recruiting 실행,기획 단계에서 마련한 Pre-recruiting 전략을 실행함,1.2.8.1,Pre-recruiting 활동 실행,주요 학회/커뮤니티 직접 등록 및 참여 등 포함
1,채용,1.2,채용 브랜드 구축,1.2.9,Pre-recruiting 후속 관리,Pre-recruiting 프로그램 실행을 통한 결과를 내부 시스템에 반영하고 개선함,1.2.9.1,Pre-recruiting 후속 관리,타깃 인재 DB화 및 커리어 트래킹
1,채용,1.2,채용 브랜드 구축,1.2.10,지원자 경험 관리,"지원자가 채용 과정에서 겪는 커뮤니케이션, 면접 경험, 피드백 제공 등을 체계적으로 관리하는 업무",1.2.10.1,커뮤니케이션 관리,지원자의 질문·문의에 신속하고 친절하게 응대함
1,채용,1.2,채용 브랜드 구축,1.2.10,지원자 경험 관리,,1.2.10.2,지원자 문의 응대,면접 장소·온라인 시스템을 지원자 친화적으로 준비함
1,채용,1.2,채용 브랜드 구축,1.2.10,지원자 경험 관리,,1.2.10.3,면접 환경 조성,불합격자 및 합격자에게 적절한 피드백을 제공함
1,채용,1.2,채용 브랜드 구축,1.2.10,지원자 경험 관리,,1.2.10.4,피드백 제공,조사 결과와 피드백을 분석하여 개선 과제를 도출함
1,채용,1.2,채용 브랜드 구축,1.2.10,지원자 경험 관리,,1.2.10.5,개선 과제 도출,채용 과정에서 기업 브랜드를 긍정적으로 경험하도록 설계함
1,채용,1.2,채용 브랜드 구축,1.2.10,지원자 경험 관리,,1.2.10.6,브랜드 경험 강화,지원자 경험 관련 데이터를 수집·분석하여 관리함
1,채용,1.3,채용 홍보 활동 (오프라인),1.3.1,캠퍼스 리쿠르팅 준비/운영,"대학과의 파트너십을 통해 채용 설명회, 직무 상담 등 캠퍼스 리쿠르팅을 운영하는 업무",1.3.1.1,C/R 계획 수립,"C/R의 목적, 일정, 장소 대상 등을 정의하고 세부 계획을 수립함"
1,채용,1.3,채용 홍보 활동 (오프라인),1.3.1,캠퍼스 리쿠르팅 준비/운영,,1.3.1.2,C/R 지원 업체 선정 및 계약,C/R 지원을 위한 업체(세부적인 업무) 선정 및 계약 체결
1,채용,1.3,채용 홍보 활동 (오프라인),1.3.1,캠퍼스 리쿠르팅 준비/운영,,1.3.1.3,학교·기관 등 사전 일정 협의,"대학·기관·교수님과 협의하여 장소와 일정, 참여 조건을 확정함"
1,채용,1.3,채용 홍보 활동 (오프라인),1.3.1,캠퍼스 리쿠르팅 준비/운영,,1.3.1.4,C/R 운영 인원 선정,C/R 운영을 위한 HR 및 현업 Recruiter를 선발함
1,채용,1.3,채용 홍보 활동 (오프라인),1.3.1,캠퍼스 리쿠르팅 준비/운영,,1.3.1.5,C/R 운영 인원 대상 설명회 진행,"선정된 운영 인원에게 C/R 물품 안내 및 운영 방식을 설명, 교육함"
1,채용,1.3,채용 홍보 활동 (오프라인),1.3.1,캠퍼스 리쿠르팅 준비/운영,,1.3.1.6,C/R 물품 배부,학교별 recruiting 선물 및 C/R에 필요한 물품을 배부함
1,채용,1.3,채용 홍보 활동 (오프라인),1.3.1,캠퍼스 리쿠르팅 준비/운영,,1.3.1.7,참가자 모집,학생 및 구직자를 대상으로 참가 신청을 접수하고 명단을 관리함
1,채용,1.3,채용 홍보 활동 (오프라인),1.3.1,캠퍼스 리쿠르팅 준비/운영,,1.3.1.8,발표자료 준비,"회사 소개, 채용 절차, 직무 설명 자료를 준비함"
1,채용,1.3,채용 홍보 활동 (오프라인),1.3.1,캠퍼스 리쿠르팅 준비/운영,,1.3.1.9,C/R 사전 홍보 진행,"C/R 방문 대학 취업센터, Target 학과 사무실 등에 C/R 홍보 요청 (E-mail, 전화 등)"
1,채용,1.3,채용 홍보 활동 (오프라인),1.3.1,캠퍼스 리쿠르팅 준비/운영,,1.3.1.10,C/R 현장 운영,"C/R  당일 방문자 상담카드 작성, 회사 소개, 채용 홍보, 질의응답 등 운영"
1,채용,1.3,채용 홍보 활동 (오프라인),1.3.1,캠퍼스 리쿠르팅 준비/운영,,1.3.1.11,C/R 현장 채용 상담 진행,현장에서 방문자 대상 채용 상담을 진행함
1,채용,1.3,채용 홍보 활동 (오프라인),1.3.1,캠퍼스 리쿠르팅 준비/운영,,1.3.1.12,C/R 현장 채용설명회 진행,현장에서 방문자 대상 채용설명회를 진행함
1,채용,1.3,채용 홍보 활동 (오프라인),1.3.1,캠퍼스 리쿠르팅 준비/운영,,1.3.1.13,대학 취업센터 방문/홍보,"C/R 방문 대학 취업센터에 방문하여 회사 채용 소개, 홍보 요청 및 선물 전달"
1,채용,1.3,채용 홍보 활동 (오프라인),1.3.1,캠퍼스 리쿠르팅 준비/운영,,1.3.1.14,Target 학과 학과사무실 방문/홍보,"C/R 방문 대학 Target 학과사무실에 방문하여 회사 채용 소개, 홍보 요청 및 선물 전달"
1,채용,1.3,채용 홍보 활동 (오프라인),1.3.1,캠퍼스 리쿠르팅 준비/운영,,1.3.1.15,Target 학과 교수 방문/홍보,"C/R 방문 대학 Target 교수 연구실에 방문하여 회사 채용 소개, 홍보 요청 및 선물 전달"
1,채용,1.3,채용 홍보 활동 (오프라인),1.3.1,캠퍼스 리쿠르팅 준비/운영,,1.3.1.16,Target 대학원 연구실 방문/홍보,C/R 방문 대학 Target 대학언 연구실(대학원생)에 방문하여 회사  채용 소개 및 C/R 참석 독려
1,채용,1.3,채용 홍보 활동 (오프라인),1.3.1,캠퍼스 리쿠르팅 준비/운영,,1.3.1.17,피드백 수집,C/R 종료 후 HR/Recruiter로부터 피드백을 수집함
1,채용,1.3,채용 홍보 활동 (오프라인),1.3.1,캠퍼스 리쿠르팅 준비/운영,,1.3.1.18,결과 보고,행사 결과를 정리하여 내부 보고함
1,채용,1.3,채용 홍보 활동 (오프라인),1.3.1,캠퍼스 리쿠르팅 준비/운영,,1.3.1.19,사후 관리,참가자 데이터 베이스를 업데이트하고 후속 채용 절차를 연계함
1,채용,1.3,채용 홍보 활동 (오프라인),1.3.2,채용설명회 준비/운영,채용 설명회를 운영하는 업무,1.3.2.1,대상 학교 확정,설명회를 진행할 대상 기관을 확정한 뒤 장소 및 일정을 block함
1,채용,1.3,채용 홍보 활동 (오프라인),1.3.2,채용설명회 준비/운영,,1.3.2.2,Top Team 일정 확인,Top Team의 가능한 일정 확인한 뒤 비서를 통해 일정 block을 요청함
1,채용,1.3,채용 홍보 활동 (오프라인),1.3.2,채용설명회 준비/운영,,1.3.2.3,설명회 자료 준비,Top Team이 진행할 설명회의 발표자료를 제작한 뒤 Top Team에게 보고 후 피드백 반영하여 수정 작업
1,채용,1.3,채용 홍보 활동 (오프라인),1.3.2,채용설명회 준비/운영,,1.3.2.4,방문 교수 일정 확인 및 Arr.,설명회 당일 Top Team이 별도 방문하여 meeting할 교수 선정 및 일정 Arr.
1,채용,1.3,채용 홍보 활동 (오프라인),1.3.2,채용설명회 준비/운영,,1.3.2.5,선물 준비,설명회에 참석할 인원의 recruiting 선물을 선정한 뒤 홍보업체를 통해 구매 요청함
1,채용,1.3,채용 홍보 활동 (오프라인),1.3.2,채용설명회 준비/운영,,1.3.2.6,사전 신청 접수,접수 양식을 통해 사전 신청 접수 및 참석 예정 인원 확인. 사전 질문 조사
1,채용,1.3,채용 홍보 활동 (오프라인),1.3.2,채용설명회 준비/운영,,1.3.2.7,사전 질문 검토 및 선정,설명회 사전 질문 취합 후 선정한 뒤 유관 부서에 답변 요청 후 내부 보고
1,채용,1.3,채용 홍보 활동 (오프라인),1.3.2,채용설명회 준비/운영,,1.3.2.8,알림 문자 발송,사전 신청자 대상 문자 발송
1,채용,1.3,채용 홍보 활동 (오프라인),1.3.2,채용설명회 준비/운영,,1.3.2.9,사전 답사,"설명회 장소를 사전에 방문하여 Top Team의 이동 동선 및 대기실, 설명회 장소 환경 확인"
1,채용,1.3,채용 홍보 활동 (오프라인),1.3.2,채용설명회 준비/운영,,1.3.2.10,당일 운영,설명회 진행 및 경품 배부
1,채용,1.4,채용 예산 수립,1.4.1,채용 예산 수립,채용 활동에 필요한 비용을 산출하고 경영진 승인 절차를 거치는 업무,1.4.1.1,채용 예산 초안 작성,"광고, 면접 운영, 외부 업체 사용 비용 등을 포함한 전체 예산안을 작성함"
1,채용,1.4,채용 예산 수립,1.4.1,채용 예산 수립,,1.4.1.2,채용 예산(안) 검토 및 협의,HR팀과 재무팀이 함께 예산안을 검토·조정함
1,채용,1.4,채용 예산 수립,1.4.1,채용 예산 수립,,1.4.1.3,경영진 승인 요청 제출,최종 예산안을 경영진에 제출하여 승인받음
1,채용,1.5,연간 인력계획 수립,1.5.1,당해년도 인력 현황 분석,현재 회사의 인력 규모와 직무를 파악하는 업무,1.5.1.1,인력 현황 데이터 추출,특정 기준에 맞는 회사 인력현황 Raw Data 다운로드
1,채용,1.5,연간 인력계획 수립,1.5.1,당해년도 인력 현황 분석,,1.5.1.2,인력 현황 데이터 정리,분석 기준에 맞춰 인력현황 데이터 Cleansing 및 정리
1,채용,1.5,연간 인력계획 수립,1.5.2,차년도 인력 수요 예측,사업계획과 조직 운영 현황을 기반으로 필요한 인력 규모와 직무를 파악하는 업무,1.5.2.1,인력 수요 조사 요청 발송,BG/BU HR(또는 현업 부서)에 차년도 인력 수요 및 사유를 요청함
1,채용,1.5,연간 인력계획 수립,1.5.2,차년도 인력 수요 예측,,1.5.2.2,인력 수요 데이터 취합 및 검토,제출된 인력 수요 자료를 모아 검토·분석함
1,채용,1.5,연간 인력계획 수립,1.5.2,차년도 인력 수요 예측,,1.5.2.3,인력 수요 매핑,연간 사업계획과 인력 수요를 비교하여 우선순위를 도출함(필요 시 재무부서(=인건비 증가분) 협의 포함)
1,채용,1.5,연간 인력계획 수립,1.5.2,차년도 인력 수요 예측,,1.5.2.4,인력 수요 협의,각 조직과 조정된 인력 수요를 최종 협의함
1,채용,1.5,연간 인력계획 수립,1.5.2,차년도 인력 수요 예측,,1.5.2.5,보고자료 작성 (Reporting),경영진 보고 완료된 차년도 인력 계획을 각 부서에 전달함
1,채용,1.5,연간 인력계획 수립,1.5.2,차년도 인력 수요 예측,,1.5.2.6,경영진 보고 및 확정,최종 계획을 경영진에게 보고하고 최종 확정함
1,채용,1.5,연간 인력계획 수립,1.5.2,차년도 인력 수요 예측,,1.5.2.7,부서별 계획 공유 (Sharing),경영진 보고 완료된 차년도 인력 계획을 각 부서에 전달함
1,채용,1.6,연간 채용계획 수립,1.6.1,채용 목표 설정,"조직 전략과 인력 수요를 반영해 연간 채용 인원, 직무, 시기 등을 목표로 설정하는 업무",1.6.1.1,채용 수요 조사 요청 발송,BG/BU HR(또는 현업 부서)에 채용 수요 및 사유를 요청함
1,채용,1.6,연간 채용계획 수립,1.6.1,채용 목표 설정,,1.6.1.2,채용 수요 데이터 취합 및 검토,제출된 채용 수요 자료를 모아 검토·분석함
1,채용,1.6,연간 채용계획 수립,1.6.1,채용 목표 설정,,1.6.1.3,채용 수요 매핑,"연간 인력계획, 연간 사업계획을 고려하여 우선순위를 도출함"
1,채용,1.6,연간 채용계획 수립,1.6.1,채용 목표 설정,,1.6.1.4,채용 수요 협의,"각 조직과 조정된 채용 수요(직무, 인원 등)를 최종 협의함"
1,채용,1.6,연간 채용계획 수립,1.6.1,채용 목표 설정,,1.6.1.5,채용 세부 계획 수립,"연간 채용 일정, 실행 방법 등에 대한 세부적인 계획을 수립함"
1,채용,1.6,연간 채용계획 수립,1.6.1,채용 목표 설정,,1.6.1.6,채용 예산 사용 계획 수립,가 승인된 채용예산 내에서 실제 운영 시 소요 예상되는 비용 처리가 가능한지 검토
1,채용,1.6,연간 채용계획 수립,1.6.1,채용 목표 설정,,1.6.1.7,채용 예산 증액 요청 및 협의,(예산 부족 시) 재무 부서 협의를 통해 예산 증액 요청
1,채용,1.6,연간 채용계획 수립,1.6.2,채용 계획 보고 및 확정,협의된 채용 계획을 경영진에게 보고하여 최종 확정하고 관련 부서와 공유하는 업무,1.6.2.1,보고자료 작성,연간 채용 목표·예산·일정을 포함한 보고자료를 작성함
1,채용,1.6,연간 채용계획 수립,1.6.2,채용 계획 보고 및 확정,,1.6.2.2,경영진 보고 및 확정,최종 계획을 경영진에게 보고하고 확정함
1,채용,1.6,연간 채용계획 수립,1.6.2,채용 계획 보고 및 확정,,1.6.2.3,부서별 계획 공유,각 부서에 채용 계획을 전달하여 실행 준비를 지원함
1,채용,1.6,연간 채용계획 수립,1.6.3,연간 그룹 채용계획 보고,각 자회사 별 확정된 채용계획과 전년도 채용 실적을 취합하여 그룹 경영진에게 보고하는 업무,1.6.3.1,채용 실적/계획 공유 요청 발송,자회사 HR에 전년도 채용실적 및 차년도 채용계획 자료와 근거를 요청함
1,채용,1.6,연간 채용계획 수립,1.6.3,연간 그룹 채용계획 보고,,1.6.3.2,채용 실적/계획 데이터 정리,분석 기준에 맞춰 채용 실적/계획 데이터 Cleansing 및 정리
1,채용,1.6,연간 채용계획 수립,1.6.3,연간 그룹 채용계획 보고,,1.6.3.3,데이터 취합 및 검토,제출된 채용 실적과 채용계획 자료를 모아 검토·분석함
1,채용,1.6,연간 채용계획 수립,1.6.3,연간 그룹 채용계획 보고,,1.6.3.4,보고자료 작성,자회사 채용계획 숫자와 근거를포함한 보고자료를 작성함
1,채용,1.6,연간 채용계획 수립,1.6.3,연간 그룹 채용계획 보고,,1.6.3.5,경영진 보고 및 보고 결과 공유,"최종 계획을 경영진에게 보고하고, 피드백이 있는 경우 자회사에 공유"
1,채용,1.7,채용계획 Re-plan,1.7.1,연간 그룹 채용계획 보고,사업환경/조직운영 상 연간 채용계획의 변경이 필요한 경우 채용계획을 재검토하고 수정하는 업무,1.7.1.1,채용 수요 변경 수요 접수,유관부서를 통해 채용 수요 변경 요청을 접수
1,채용,1.7,채용계획 Re-plan,1.7.1,연간 그룹 채용계획 보고,,1.7.1.2,변경 사유 및 수요 검토,요청 사항에 대한 검토 진행 (유관부서 커뮤니케이션 포함)
1,채용,1.7,채용계획 Re-plan,1.7.1,연간 그룹 채용계획 보고,,1.7.1.3,채용계획 수정,"채용 규모/일정, 실행 방법 등 변경 필요사항을 반영하여 계획 수정"
1,채용,1.7,채용계획 Re-plan,1.7.1,연간 그룹 채용계획 보고,,1.7.1.4,채용계획 Re-plan 보고 (To 경영진),수정된 채용계획을 경영진에게 보고하고 확정함
1,채용,1.7,채용계획 Re-plan,1.7.1,연간 그룹 채용계획 보고,,1.7.1.5,부서별 계획 공유,"수정된 채용계획을 유관부서(지주, BG HR, 현업 등)에 공유"
1,채용,1.8,채용 실적 관리,1.8.1,채용 실적 관리,채용 실적을 취합하여 관리하고 보고하는 업무,1.8.1.1,채용 실적 관리,"채용 및 입사 실적을 관리하고, 해당 결과를 채용시스템과 개별 관리 파일(엑셀 등)에 업데이트함"
1,채용,1.8,채용 실적 관리,1.8.1,채용 실적 관리,,1.8.1.2,채용 실적 보고,채용 및 입사 실적을 정리하여 내부 보고함
1,채용,1.8,채용 실적 관리,1.8.1,채용 실적 관리,,1.8.1.3,채용 실적 공유,채용 및 입사 실적을 공유함 (반기/연간 or 요청 시)
1,채용,1.9,신입/인턴 채용,1.9.1,사전 준비,"신입(인턴) 채용 시, 채용 공고 전 준비해야 하는 기본 업무",1.9.1.1,신입 채용 수요 조사 요청 발송,BG/BU HR(또는 현업 부서)에 채용 수요 및 사유를 요청함
1,채용,1.9,신입/인턴 채용,1.9.1,사전 준비,,1.9.1.2,신입 채용 수요 데이터 취합 및 검토,제출된 채용 수요 자료를 모아 검토·분석함
1,채용,1.9,신입/인턴 채용,1.9.1,사전 준비,,1.9.1.3,신입 채용 수요 매핑,"연간 인력계획, 연간 사업계획을 고려하여 우선순위를 도출함"
1,채용,1.9,신입/인턴 채용,1.9.1,사전 준비,,1.9.1.4,신입 채용 수요 협의,"각 조직과 조정된 채용 수요(직무, 인원 등)를 최종 협의함"
1,채용,1.9,신입/인턴 채용,1.9.1,사전 준비,,1.9.1.5,신입 채용 세부 계획 수립,"신입 채용 시기, 인원, 방식, 홍보방안, 소요예산(견적 기반) 등 세부사항 계획 수립"
1,채용,1.9,신입/인턴 채용,1.9.1,사전 준비,,1.9.1.6,보고자료 작성,신입 채용 세부사항을 포함한 보고자료 작성
1,채용,1.9,신입/인턴 채용,1.9.1,사전 준비,,1.9.1.7,경영진 보고 및 확정,최종 계획을 경영진에게 보고하고 확정함
1,채용,1.9,신입/인턴 채용,1.9.1,사전 준비,,1.9.1.8,예산 품의 상신,신입 채용 소요 비용(예상)에 대한 사전 품의 상신
1,채용,1.9,신입/인턴 채용,1.9.2,채용 공고,모집 공고문을 작성하고 채용 시스템에 해당 내용을 업데이트 하는 업무(+협력업체 전달),1.9.2.1,모집분야 JD 작성 요청,BG/BU HR(또는 현업 부서)에 모집 분야 별 세부 JD 작성 요청
1,채용,1.9,신입/인턴 채용,1.9.2,채용 공고,,1.9.2.2,공고용 JD 작성,제출된 JD를 취합·검토하여 외부 공고용 JD로 수정함
1,채용,1.9,신입/인턴 채용,1.9.2,채용 공고,,1.9.2.3,DDI 사전 협의,"채용 일정, 서류 접수 기나 등에 대해 DDI 사전 협의 진행"
1,채용,1.9,신입/인턴 채용,1.9.2,채용 공고,,1.9.2.4,커리어두산 공고 게시 준비,"채용 일정, 지원자격, JD 등을 모두 포함하여 공고 오픈을 위한 시스템 작업 수행 (오류 사전 확인 등)"
1,채용,1.9,신입/인턴 채용,1.9.2,채용 공고,,1.9.2.5,커리어두산 공고 오픈,회사 공식 채용 홈페이지에 채용일정에 맞춰 기 작업한 채용 공고를 오픈
1,채용,1.9,신입/인턴 채용,1.9.2,채용 공고,,1.9.2.6,외부 업체 공고 전달/공유,외부 채용 포털에 채용 공고 오픈 사실을 전달·공유·업데이트함 (무료 광고 게재 등)
1,채용,1.9,신입/인턴 채용,1.9.3,서류접수,서류접수 기간 중 발생하는 업무,1.9.3.1,서류 접수 오류 대응,전형 중 발생하는 입사지원서 제출 관련 오류 발생 대응 (w. DDI)
1,채용,1.9,신입/인턴 채용,1.9.3,서류접수,,1.9.3.2,서류 접수 현황 체크 및 보고,"지원 현황 확인 및 보고 (필요 시, 추가 홍보 방안 검토)"
1,채용,1.9,신입/인턴 채용,1.9.3,서류접수,,1.9.3.3,서류제출 독려 문자 발송,입사지원서 미제출(작성 중) 인원 대상 서류지원 마감 일정 안내 및 서류 제출 독려 문자를 발송함
1,채용,1.9,신입/인턴 채용,1.9.3,서류접수,,1.9.3.4,서류접수 마감,"공지된 일정에 맞춰 서류접수 마감 (w.DDI,지주)"
1,채용,1.9,신입/인턴 채용,1.9.3,서류접수,,1.9.3.5,DBS 점수 추출,DBS 점수 추출
1,채용,1.9,신입/인턴 채용,1.9.4,"서류전형 (Essay, DBS 포함)","채용전형의 첫번째 단계로, 지원자에 대한 인적사항, 학력 등등 기본내역과 Essay, DBS 결과를 종합적으로 검토하여 서류결과(합/불)을 결정하는 업무",1.9.4.1,지원자 데이터 추출,전체 지원자 데이터 엑셀 추출 (이력서 기반 인사 정보 포함)
1,채용,1.9,신입/인턴 채용,1.9.4,"서류전형 (Essay, DBS 포함)",,1.9.4.2,지원자 지원자격 검토,"내부 기준에 따라 지원자격 충족 여부를 검토하여, 기준 미달자 제외"
1,채용,1.9,신입/인턴 채용,1.9.4,"서류전형 (Essay, DBS 포함)",,1.9.4.3,에세이 검토,"에세이 항목 등을 검토하여, 기준 미달자 제외"
1,채용,1.9,신입/인턴 채용,1.9.4,"서류전형 (Essay, DBS 포함)",,1.9.4.4,추천서 취합 및 반영,교수 추천서 인원 별도 반영 / 미공개 전형 지원자 이관
1,채용,1.9,신입/인턴 채용,1.9.4,"서류전형 (Essay, DBS 포함)",,1.9.4.5,서류 합격자 선정(1차) 및 보고,"입사지원서를 검토하여 각 자회사에서 서류전형 합/불을 1차 선정하고, 내부 보고함"
1,채용,1.9,신입/인턴 채용,1.9.4,"서류전형 (Essay, DBS 포함)",,1.9.4.6,서류 합격자 협의 (W.지주),서류합격자에 대해 지주와 협의하여 최종 합/불을 확정함
1,채용,1.9,신입/인턴 채용,1.9.4,"서류전형 (Essay, DBS 포함)",,1.9.4.7,서류전형 결과 사전보고,서류전형 결과에 대한 내부 보고를 진행함
1,채용,1.9,신입/인턴 채용,1.9.4,"서류전형 (Essay, DBS 포함)",,1.9.4.8,서류전형 결과 확정 및 시스템 반영,"서류ㅈㄴ형 결과를 채용 시스템에 반영하고, 결과 발표 준비(합/불 안내문 등)을 준비함"
1,채용,1.9,신입/인턴 채용,1.9.4,"서류전형 (Essay, DBS 포함)",,1.9.4.9,서류전형 결과 발표,채용 시스템을 통해 서류전형 서류전형 결과를 발표함
1,채용,1.9,신입/인턴 채용,1.9.4,"서류전형 (Essay, DBS 포함)",,1.9.4.10,서류전형 결과 확인 문자 발송,서류전형 결과 발표 확인을 독려하는 문자를 발송함
1,채용,1.9,신입/인턴 채용,1.9.5,DCAT (인적성 검사),"채용 전형의 두번째 단계로 서류합격인원의 DCAT 응시를 준비하고, DCAT 결과에 따라 해당 전형의 합격자를 선발하는 업무",1.9.5.1,DCAT Case 선정,DCAT 응시자의 과거 응시이력 등을 고려하여 해당 채용 전형에서 사용할 Case를 선정함 (w. ACG)
1,채용,1.9,신입/인턴 채용,1.9.5,DCAT (인적성 검사),,1.9.5.2,DCAT 운영 사전 준비,"DCAT 운영업체(ACG)와 DCAT 운영을 위한 협의 등을 진행함 (일정, 인원, 시스템 세팅 등)"
1,채용,1.9,신입/인턴 채용,1.9.5,DCAT (인적성 검사),,1.9.5.3,DCAT 운영 상세계획 수립,"DCAT 일정/장소/방법 등을 최종 확정하고, 지원자 별 일정(차수)를 계획함"
1,채용,1.9,신입/인턴 채용,1.9.5,DCAT (인적성 검사),,1.9.5.4,DCAT 일정 안내 (=서류 결과 발표 or 별도 안내),"지원자 별 사전점검(온라인 접속, ACG 진행) 및 DCAT 일정을 안내함"
1,채용,1.9,신입/인턴 채용,1.9.5,DCAT (인적성 검사),,1.9.5.5,DCAT 시스템 세팅,채용 시스템에 DCAT 면접 운영을 위한 사전 세팅을 진행함 (w.ACG)
1,채용,1.9,신입/인턴 채용,1.9.5,DCAT (인적성 검사),,1.9.5.6,DCAT 지원자별 사전점검,DCAT 응시 전 시스템 접속 환경 사전점검 (ACG 진행)
1,채용,1.9,신입/인턴 채용,1.9.5,DCAT (인적성 검사),,1.9.5.7,DCAT 운영,"DCAT 면접 진행을 참관하고, 특이사항 발생 시 의사결정을 진행함"
1,채용,1.9,신입/인턴 채용,1.9.5,DCAT (인적성 검사),,1.9.5.8,DCAT 점수 이관 및 Calibration,"DCAT 결과(점수)를 ACG로부터 이관받아, Calibration을 진행함"
1,채용,1.9,신입/인턴 채용,1.9.5,DCAT (인적성 검사),,1.9.5.9,DCAT 전형 합격자 선정(1차) 및 보고,"DCAT 결과를 검토하여 각 자회사에서 DCAT 전형 합/불을 1차 선정하고, 내부 보고함"
1,채용,1.9,신입/인턴 채용,1.9.5,DCAT (인적성 검사),,1.9.5.10,DCAT 합격자 협의(W.지주),DCAT 전형 합격자에 대해 지주와 협의하여 최종 합/불을 확정함
1,채용,1.9,신입/인턴 채용,1.9.5,DCAT (인적성 검사),,1.9.5.11,DCAT 전형 결과 사전 보고,DCAT 전형 결과에 대한 내부 보고를 진행함
1,채용,1.9,신입/인턴 채용,1.9.5,DCAT (인적성 검사),,1.9.5.12,DCAT 전형 합격자 확정 및 시스템 반영,"DCAT 전형 결과를 채용 시스템에 반영하고, 결과 발표 준비(합/불 안내문 등)을 준비함"
1,채용,1.9,신입/인턴 채용,1.9.5,DCAT (인적성 검사),,1.9.5.13,DCAT 전형 결과 발표,채용 시스템을 통해 DCAT 전형 결과를 발표함
1,채용,1.9,신입/인턴 채용,1.9.5,DCAT (인적성 검사),,1.9.5.14,DCAT 전형 결과 확인 문자 발송,DCAT 결과 발표 확인을 돌겨하는 문자를 발송함
1,채용,1.9,신입/인턴 채용,1.9.6,실무면접,"채용 전형의 세번째 단계로, DCAT 합격자를 대상으로 실무면접 운영 준비를 하고, 실무면접 결과에 따라 해당 전형의 합격자를 선발하는 업무",1.9.6.1,DISE Case 선정,실무면접 응시자의 과거 응시이력 등을 고려하여 해당 채용 전형에서 사용할 Case를 선정함 (w. ACG)
1,채용,1.9,신입/인턴 채용,1.9.6,실무면접,,1.9.6.2,실무면접 운영 상세계획 수립,"면접 일정/장소/방법 등을 최종 확정하고, 지원자/면접관(=Assessor) 별 세부 일정을 계획함"
1,채용,1.9,신입/인턴 채용,1.9.6,실무면접,,1.9.6.3,면접 일정 및 장소 확정,"면접 일시, 장소 선정 및 예약"
1,채용,1.9,신입/인턴 채용,1.9.6,실무면접,,1.9.6.4,면접 Time Table 계획 수립,면접 운영 Time Table 구체화
1,채용,1.9,신입/인턴 채용,1.9.6,실무면접,,1.9.6.5,면접 장소 준비,실제 장소 준비 관련 업무
1,채용,1.9,신입/인턴 채용,1.9.6,실무면접,,1.9.6.6,Assessor 선정 및 안내,Assessor 일정 공지 및 Block (Outlook)
1,채용,1.9,신입/인턴 채용,1.9.6,실무면접,,1.9.6.7,지원인력 선정 및 안내,"HR, 현업 인원 선정 및 역할 지정"
1,채용,1.9,신입/인턴 채용,1.9.6,실무면접,,1.9.6.8,실무면접 일정 안내(=DCAT 결과 발표 or 별도 안내),지원자 별 실무면접 일정 및 제출 서류를 안내함
1,채용,1.9,신입/인턴 채용,1.9.6,실무면접,,1.9.6.9,DISE Assessor 교육 준비/실행,"ACG와 DISE Assessor 교육 일정을 협의하고, ACG에서 교육을 진행함"
1,채용,1.9,신입/인턴 채용,1.9.6,실무면접,,1.9.6.10,DISE Assessor 인증 등록,교육 종료 후 교육 결과를 채용 시스템에 업로드함 (합/불)
1,채용,1.9,신입/인턴 채용,1.9.6,실무면접,,1.9.6.11,Assessor 사전 교육 준비/실행,"면접에 참여하는 Assessor 전원(SI, DISE, 전문성)를 대상으로 채용 소개 및 유의사항 등 교육 진행"
1,채용,1.9,신입/인턴 채용,1.9.6,실무면접,,1.9.6.12,실무면접 시스템 세팅,대상자·면접관 매칭을 시스템에 셋팅·업로드함
1,채용,1.9,신입/인턴 채용,1.9.6,실무면접,,1.9.6.13,면접 환경 최종 점검,"면접 장소, 장비 등 현장 점검"
1,채용,1.9,신입/인턴 채용,1.9.6,실무면접,,1.9.6.14,지원자 신원 확인 및 서류 징구,"지원자 도착 후 신원 확인, 대기 장소/동선/면접 운영 방식 등 안내"
1,채용,1.9,신입/인턴 채용,1.9.6,실무면접,,1.9.6.15,실무면접 진행,"실무면접을 진행하고, Asessor는 면접 평가 결과를 채용 시스템에 입력함"
1,채용,1.9,신입/인턴 채용,1.9.6,실무면접,,1.9.6.16,면접 내용 기록 및 평가,Assessor는 면접 평가 결과를 채용 시스템에 입력함
1,채용,1.9,신입/인턴 채용,1.9.6,실무면접,,1.9.6.17,마무리 및 면접비 전달,"면접 종료 안내, 결과 통보 방법/일정 등 사후 안내, 면접비 전달"
1,채용,1.9,신입/인턴 채용,1.9.6,실무면접,,1.9.6.18,실무면접 결과 취합 및 Calibration,"Assessor 면접 평가 결과를 확인하고, 최종 Calibration을 진행함"
1,채용,1.9,신입/인턴 채용,1.9.6,실무면접,,1.9.6.19,실무면접 합격자 선정(1차) 및 보고,"실무면접 결과를 검토하여 각 자회사에서 실무면접 전형 합/불을 1차 선정하고, 내부 보고함"
1,채용,1.9,신입/인턴 채용,1.9.6,실무면접,,1.9.6.20,실무면접 합격자 협의 (W.지주),실무면접 전형 합격자에 대해 지주와 협의하여 최종 합/불을 확정함
1,채용,1.9,신입/인턴 채용,1.9.6,실무면접,,1.9.6.21,실무면접 전형 결과 사전 보고,실무면접 전형 결과에 대한 내부 보고를 진행함
1,채용,1.9,신입/인턴 채용,1.9.6,실무면접,,1.9.6.22,실무면접 합격자 확정 및 시스템 반영,"실무면접 전형 결과를 채용 시스템에 반영하고, 결과 발표 준비(합/불 안내문 등)을 준비함"
1,채용,1.9,신입/인턴 채용,1.9.6,실무면접,,1.9.6.23,실무면접 결과 발표,채용 시스템을 통해 실무면접 전형 결과를 발표함
1,채용,1.9,신입/인턴 채용,1.9.6,실무면접,,1.9.6.24,실무면접 결과 확인 문자 발송,실무면접 결과 발표 확인을 독려하는 문자를 발송함
1,채용,1.9,신입/인턴 채용,1.9.7,(인턴십만 해당) 인턴십 운영,실무면접 합격자를 대상으로 인턴 기간 동안 업무 태도/역량을 평가하는 업무,1.9.7.1,인턴십 일정 안내 (=실무면접 결과 발표 or 별도 안내),지원자별 인턴십 일정 및 준비 사항(예.기숙사 입과 등)를 안내함
1,채용,1.9,신입/인턴 채용,1.9.7,(인턴십만 해당) 인턴십 운영,,1.9.7.2,인턴 입사 준비,"입사 관련 행사, 업무 집기(사원증, 노트북 등) 준비, 멘토 선정, Caring 프로그램 계획, 발령 준비를 위한 정보 요청 등 인턴 입사자를 위한 입사 준비 일체"
1,채용,1.9,신입/인턴 채용,1.9.7,(인턴십만 해당) 인턴십 운영,,1.9.7.3,인턴 임시출입증 준비,인턴 배치 예정 부서의 층을 확인하여 각 임시출입증 별 권한 부여 요청 및 임시출입증 준비 후 분출
1,채용,1.9,신입/인턴 채용,1.9.7,(인턴십만 해당) 인턴십 운영,,1.9.7.4,인턴 OA 준비,인턴 PC를 종류 별 수요 조사(설계 or 일반) 후 유관 부서에 수량 전달 및 배부 요청
1,채용,1.9,신입/인턴 채용,1.9.7,(인턴십만 해당) 인턴십 운영,,1.9.7.5,인턴 payco 준비,근무 인원에 대한 payco 지급 요청 및 인턴 대상 안내
1,채용,1.9,신입/인턴 채용,1.9.7,(인턴십만 해당) 인턴십 운영,,1.9.7.6,근로계약서 작성,배치 예정 부서 내 1:1 matching으로 인턴 멘토 선정 요청 및 멘토 대상 안내
1,채용,1.9,신입/인턴 채용,1.9.7,(인턴십만 해당) 인턴십 운영,,1.9.7.7,인턴 입사 발령 처리,인턴 입사 발령을 위해 필요한 사전 준비 일체와 품의/시스템 처리
1,채용,1.9,신입/인턴 채용,1.9.7,(인턴십만 해당) 인턴십 운영,,1.9.7.8,인턴 배치부서 선정,"인턴이 배치될 부서를 유관부서와 협의하여 최종 확정하고, 유관부서에 공유"
1,채용,1.9,신입/인턴 채용,1.9.7,(인턴십만 해당) 인턴십 운영,,1.9.7.9,인턴 평가 방식 확정,"인턴십 결과 평가를 위한 방식/평가표/기준 등에 대해 유관 부서와 협의하여 최종 확정하고, 공유"
1,채용,1.9,신입/인턴 채용,1.9.7,(인턴십만 해당) 인턴십 운영,,1.9.7.6,근로계약서 작성,인턴(계약직) 근로계약서 작성 준비 및 입사일 작성 지원
1,채용,1.9,신입/인턴 채용,1.9.7,(인턴십만 해당) 인턴십 운영,,1.9.7.10,인턴십 운영,인턴 기간 동안 인턴십 프로그램 운영 및 Caring 프로그램 진행
1,채용,1.9,신입/인턴 채용,1.9.7,(인턴십만 해당) 인턴십 운영,,1.9.7.11,인턴 평가,사전에 협의된 방식으로 인턴의 업무태도/역량에 대해 평가함 (최종 평가 포함)
1,채용,1.9,신입/인턴 채용,1.9.7,(인턴십만 해당) 인턴십 운영,,1.9.7.12,인턴 평가 결과 취합 및 시스템 입력,"작성된 평가 결과(예.주간 평가 결과)를 취합하고, 최종 평가 결과를 채용 시스템에 입력함"
1,채용,1.9,신입/인턴 채용,1.9.7,(인턴십만 해당) 인턴십 운영,,1.9.7.13,인턴십 종료,인턴십 종료 관련 업무 일체 (행사 등)
1,채용,1.9,신입/인턴 채용,1.9.7,(인턴십만 해당) 인턴십 운영,,1.9.7.14,인턴 퇴직 처리,인턴 퇴직 발령을 위해 필요한 사전 준비 일체와 품의/시스템 처리
1,채용,1.9,신입/인턴 채용,1.9.7,(인턴십만 해당) 인턴십 운영,,1.9.7.15,인턴십 합격자 선정(1차) 및 보고,"인턴십 결과를 검토하여 각 자회사에서 잍너십 전형 합/불을 1차 선정하고, 내부 보고함"
1,채용,1.9,신입/인턴 채용,1.9.7,(인턴십만 해당) 인턴십 운영,,1.9.7.16,인턴십 합격자 협의 (W.지주),인턴십 전형 합격자에 대해 지주와 협의하여 최종 합/불을 확정함
1,채용,1.9,신입/인턴 채용,1.9.7,(인턴십만 해당) 인턴십 운영,,1.9.7.17,인턴십 전형 결과 사전 보고,인턴십 전형 결과에 대한 내부 보고를 진행함
1,채용,1.9,신입/인턴 채용,1.9.7,(인턴십만 해당) 인턴십 운영,,1.9.7.18,인턴십 합격자 확정 및 시스템 반영,"인턴십 전형 결과를 채용 시스템에 반영하고, 결과 발표 준비(합/불 안내문 등)을 준비함"
1,채용,1.9,신입/인턴 채용,1.9.7,(인턴십만 해당) 인턴십 운영,,1.9.7.19,인턴십 결과 발표,채용 시스템을 통해 인턴십 전형 결과를 발표함
1,채용,1.9,신입/인턴 채용,1.9.7,(인턴십만 해당) 인턴십 운영,,1.9.7.20,인턴십 결과 확인 문자 발송,인턴십 결과 발표 확인을 독려하는 문자를 발송함
1,채용,1.9,신입/인턴 채용,1.9.8,최종면접 (그룹회장님),실무면접(or 인턴십) 합격자를 대상으로 최종면접을 실시하기 위한 사전준비 및 면접 운영 업무,1.9.8.1,최종면접 운영 계획 수립,면접관(그룹회장님) 및 배석자(자회사CEO) 일정 등을 고려한 면접 일정/장소 Arr.(w.지주HR)
1,채용,1.9,신입/인턴 채용,1.9.8,최종면접 (그룹회장님),,1.9.8.2,최종면접 일정 안내 (=실무면접(or 인턴십) 결과 발표,지원자 별 일정 및 제출 서류(필요 시)를 안내함
1,채용,1.9,신입/인턴 채용,1.9.8,최종면접 (그룹회장님),,1.9.8.3,최종면접 면접자료 준비,"자회사HR에서 최종면접 면접자료(입사지원서, 보고자료)를 작성함"
1,채용,1.9,신입/인턴 채용,1.9.8,최종면접 (그룹회장님),,1.9.8.4,최종면접 면접자료 검토,지주HR에서 자회사HR이 작성한 최종면접자료를 검토/수정하고 내부보고 후 최종 확정
1,채용,1.9,신입/인턴 채용,1.9.8,최종면접 (그룹회장님),,1.9.8.5,최종면접 진행,최종면접 진행 (축하 PKG 주소 확인 등 당일 세부 Activity 일괄 포함)
1,채용,1.9,신입/인턴 채용,1.9.8,최종면접 (그룹회장님),,1.9.8.6,최종면접 결과 공유,"최종 면접결과 공유 (To 자회사HR, 축하PKG 발송 업체 등 업무 유관 부서)"
1,채용,1.9,신입/인턴 채용,1.9.8,최종면접 (그룹회장님),,1.9.8.7,최종면접 결과 시스템 반영,"최종면접 전형 결과를 채용 시스템에 반영하고, 결과 발표(합/불 안내문 등)을 준비함"
1,채용,1.9,신입/인턴 채용,1.9.8,최종면접 (그룹회장님),,1.9.8.8,최종면접 결과 발표,채용 시스템을 통해 최종면접 전형 결과를 발표함
1,채용,1.9,신입/인턴 채용,1.9.8,최종면접 (그룹회장님),,1.9.8.9,최종면접 결과 확인 문자 발송,최종면접 전형 결과 발표 확인을 독려하는 문자를 발송함
1,채용,1.9,신입/인턴 채용,1.9.8,최종면접 (그룹회장님),,1.9.8.10,최종면접 질문 취합 요청 발송,자회사HR에 지원자 별 최종면접 질문 공유를 요청
1,채용,1.9,신입/인턴 채용,1.9.8,최종면접 (그룹회장님),,1.9.8.11,최종면접 질문 취합 및 정리,제출된 면접질문을 취합/정리함
1,채용,1.9,신입/인턴 채용,1.9.8,최종면접 (그룹회장님),,1.9.8.12,최종면접 운영 실적 정리,최종면접 운영 실적을 엑셀로 정리함
1,채용,1.9,신입/인턴 채용,1.9.9,후속 업무,최종면접 합격자를 대상으로 입사 확정 전 진행해야 하는 후속업무(채용검진 등)을 진행하는 업무,1.9.9.1,축하 PKG 발송 신청,최종면접 합격자 대상 축하 PKG(꽃바구니 등) 발송 신청
1,채용,1.9,신입/인턴 채용,1.9.9,후속 업무,,1.9.9.2,채용검진(+ 신원조회 등) 진행 안내(=최종면접 결과 발표 or 별도 안내),"최종면접 합격자 대상 채용 검진 진행 관련 안내 (검진기관, 검진 기간 등)"
1,채용,1.9,신입/인턴 채용,1.9.9,후속 업무,,1.9.9.3,채용검진 진행,채용검진 진행 요청 및 검진 진행상황 모니터링 (검진 기관 커뮤니케이션 포함)
1,채용,1.9,신입/인턴 채용,1.9.9,후속 업무,,1.9.9.4,채용검진 결과확인,채용검진 결과 취합 및 결과 확인
1,채용,1.9,신입/인턴 채용,1.9.9,후속 업무,,1.9.9.5,신원조회 진행,신원 조회 요청 및 진행상황 모니터링 (담당자 커뮤니케이션 포함)
1,채용,1.9,신입/인턴 채용,1.9.9,후속 업무,,1.9.9.6,신원조회 결과 확인,신원조회 결과 취합 및 결과 확인
1,채용,1.9,신입/인턴 채용,1.9.9,후속 업무,,1.9.9.7,학력사항 등 검증 진행,전문 기관에 제출 서류 검증 요청 또는 자체 검증 (최종면접 합격자 제출서류(대학교 졸업(예정) 증명서 등) 등)
1,채용,1.9,신입/인턴 채용,1.9.9,후속 업무,,1.9.9.8,학력사항 등 검증 결과 확인,검증 결과 확인
1,채용,1.9,신입/인턴 채용,1.9.9,후속 업무,,1.9.9.9,특이사항 검토,"채용검진/신원조회/기타 검증사항 등에서 특이사항 확인 시, 후속 검토 진행"
1,채용,1.9,신입/인턴 채용,1.9.9,후속 업무,,1.9.9.10,최종 입사대상자 선정,채용검진/신원조회 등 결과를 고려하여 최종 입사대상자 확정
1,채용,1.9,신입/인턴 채용,1.9.9,후속 업무,,1.9.9.11,소요비용 품의 상신 및 정산,신입 채용 시 소요된 외부 비용 정산 처리
1,채용,1.9,신입/인턴 채용,1.9.9,후속 업무,,1.9.9.12,입사 전 Caring,합격한 지원자의 retention을 위해 유선 연락 등 소통을 진행함
1,채용,1.9,신입/인턴 채용,1.9.10,신규입사자 입사 준비,입사예정자의 입사 준비를 위한 일련의 업무,1.9.10.1,입사 안내,"최종 입사대상자 입사 관련 사전 안내 (일정, 방법 등)"
1,채용,1.9,신입/인턴 채용,1.9.10,신규입사자 입사 준비,,1.9.10.2,계정 생성,입사 예정자의 계정 생성
1,채용,1.9,신입/인턴 채용,1.9.10,신규입사자 입사 준비,,1.9.10.3,사원증 준비,신입 배치 예정 부서의 층을 확인하여 각 임시출입증 별 권한 부여 요청 및 임시출입증 준비 후 분출
1,채용,1.9,신입/인턴 채용,1.9.10,신규입사자 입사 준비,,1.9.10.4,OA 준비,신입 PC를 종류 별 수요 조사(설계 or 일반) 후 유관 부서에 수량 전달 및 배부 요청
1,채용,1.9,신입/인턴 채용,1.9.10,신규입사자 입사 준비,,1.9.10.5,payco 준비,근무 인원에 대한 payco 지급 요청 및 인턴 대상 안내
1,채용,1.9,신입/인턴 채용,1.9.10,신규입사자 입사 준비,,1.9.10.6,멘토 선정 요청,배치 예정 부서 내 1:1 matching으로 신입 멘토 선정 요청 및 멘토 대상 안내
1,채용,1.9,신입/인턴 채용,1.9.10,신규입사자 입사 준비,,1.9.10.7,신입 배치부서 선정,"신입이 배치될 부서를 유관부서와 협의하여 최종 확정하고, 유관부서에 공유"
1,채용,1.9,신입/인턴 채용,1.9.10,신규입사자 입사 준비,,1.9.10.8,신입 입문교육 관련 유관부서 Co-work,신입사원 입문교육 담당부서에 업무 이관
1,채용,1.9,신입/인턴 채용,1.9.10,신규입사자 입사 준비,,1.9.10.9,입사발령 데이터 입력 및 전송,입사예정자 정보를 인사시트메으로 전송하여 입사발령을 준비함
1,채용,1.9,신입/인턴 채용,1.9.10,신규입사자 입사 준비,,1.9.10.10,입사 발령 처리 준비,입사예정자 인사 발령을 위해 필요한 사전 준비 일체
1,채용,1.9,신입/인턴 채용,1.9.11,입사/발령,신규 입사자 입사 시 수행 업무,1.9.11.1,입사 품의 상신,최종 입사대상자 입사 품의 상신
1,채용,1.9,신입/인턴 채용,1.9.11,입사/발령,,1.9.11.2,입사 관련 행사 준비,Top Team 일정 Block 및 행사 기획 후 내부 보고
1,채용,1.9,신입/인턴 채용,1.9.11,입사/발령,,1.9.11.3,입사 관련 행사 운영,신입사원 입사 관련 행사 진행
1,채용,1.9,신입/인턴 채용,1.9.11,입사/발령,,1.9.11.4,입사 서류 작성 및 제출,"수습 근로계약서, 연봉계약서 등 입사 시 제출 필요한 서류 작성 및 제출"
1,채용,1.9,신입/인턴 채용,1.9.11,입사/발령,,1.9.11.5,인계,소속 조직으로 인계
1,채용,1.9,신입/인턴 채용,1.9.11,입사/발령,,1.9.11.6,입사 발령 게시,입사 발령 게시
1,채용,1.9,신입/인턴 채용,1.9.11,입사/발령,,1.9.11.7,입사 결과 시스템 반영,입사 결과를 채용 시스템에 반영
1,채용,1.9,신입/인턴 채용,1.9.11,입사/발령,,1.9.11.8,입사자 개인정보 입력 및 제출서류 등록,입사자의 개인정보 및 제출서류 정보 등을 회사 인사관리시스템에 등록
1,채용,1.9,신입/인턴 채용,1.9.11,입사/발령,,1.9.11.9,정규직 근로계약서 작성 및 제출,수습 기간(3개월) 종료 후 정규직 근로계약서 작성 및 제출
1,채용,1.10,경력채용(팀원),1.10.1,사전 준비,"경력 채용시, 채용 공고 전 준비해야 하는 기본 업무",1.10.1.1,경력 채용 수요 최종 확인,연간 채용계획(또는 채용계획 Re-plan) 대비 변경사항 확인
1,채용,1.10,경력채용(팀원),1.10.1,사전 준비,,1.10.1.2,경력 채용 수요 최종 협의,"각 조직과 조정된 채용 수요(직무, 인원 등)를 최종 협의함"
1,채용,1.10,경력채용(팀원),1.10.1,사전 준비,,1.10.1.3,경력 채용 세부 계획 수립,"경력 채용 시기, 인원, 방식, 홍보방안, 소요예산(견적 기반) 등 세부사항 계획 수립"
1,채용,1.10,경력채용(팀원),1.10.1,사전 준비,,1.10.1.4,경영진 보고 및 확정,경력 채용 계획 보고자료 작성 및 경영진 보고 후 확정
1,채용,1.10,경력채용(팀원),1.10.1,사전 준비,,1.10.1.5,예산 품의 상신,(필요 시) 경력 채용 소요비용(예상)에 대한 품의 상신
1,채용,1.10,경력채용(팀원),1.10.2,채용 공고,모집 공고문을 작성하고 채용 시스템에 해당 내용을 업로드하는 업무(+협력업체 전달),1.10.2.1,모집분야 JD 작성 요청,BG/BU HR(또는 현업 부서)에 모집 준야 별 세부 JD 작성 요청
1,채용,1.10,경력채용(팀원),1.10.2,채용 공고,,1.10.2.2,공고용 JD 작성,제출된 JD를 취합·검토하여 외부 공고용 JD로 수정함
1,채용,1.10,경력채용(팀원),1.10.2,채용 공고,,1.10.2.3,커리어두산 공고 게시 준비,"제출된채용 일정, 지원자격, JD 등을 모두 포함하여 공고 오픈을 위한 시스템 작업 수행 (오류 사전 확인 등)"
1,채용,1.10,경력채용(팀원),1.10.2,채용 공고,,1.10.2.4,커리어두산 공고 오픈,회사 공식 채용 홈페이지에 채용일정에 맞춰 기 작업한 채용 공고를 오픈
1,채용,1.10,경력채용(팀원),1.10.2,채용 공고,,1.10.2.5,외부 업체 공고 전달/공유,외부 채용 포털에 채용 공고 오픈 사실을 전달·공유·업데이트함 (무료 채용공고게재 등)
1,채용,1.10,경력채용(팀원),1.10.3,인력 Pool 확보 (외부),자발적 입사지원자(=커리어두산 입사지원자) 외 추가 인력 Pool 확보를 위한 업무 일체,1.10.3.1,외부 인력 Pool 확보 업체 활용,외부 인력 Pool 확보 업체(Search Firm) 활용 업무 일체
1,채용,1.10,경력채용(팀원),1.10.3,인력 Pool 확보 (외부),,1.10.3.2,S/F 용 JD 작성,세부 JD 작성
1,채용,1.10,경력채용(팀원),1.10.3,인력 Pool 확보 (외부),,1.10.3.3,인력 추천 요청,S/F에 인력 추천 요청
1,채용,1.10,경력채용(팀원),1.10.3,인력 Pool 확보 (외부),,1.10.3.4,지원자 입사서류 수령,S/F 추천 인력 입사서류 취합
1,채용,1.10,경력채용(팀원),1.10.3,인력 Pool 확보 (외부),,1.10.3.5,HR 서류 검토,HR이 지원자 서류를 1차 검토
1,채용,1.10,경력채용(팀원),1.10.3,인력 Pool 확보 (외부),,1.10.3.6,현업 서류 검토,채용 현업 부서에서 지원자 서류를 2차 검토
1,채용,1.10,경력채용(팀원),1.10.3,인력 Pool 확보 (외부),,1.10.3.7,서류 결과 협의 및 발표,S/F을 통해 지원자에게 서류 전형 결과 사전 통보
1,채용,1.10,경력채용(팀원),1.10.4,인력 Pool 확보 (Direct Sourcing),우수한 역량을 가진 비자발적 입사지원자를 확보하기 위한 소싱 업무,1.10.4.1,인재 서칭,우선순위 높은 포지션의 인재 직접 서칭
1,채용,1.10,경력채용(팀원),1.10.4,인력 Pool 확보 (Direct Sourcing),,1.10.4.2,사전 검토,우수 이력서 현업 사전 전달 및 영입 프로세스 진행 여부 확인
1,채용,1.10,경력채용(팀원),1.10.4,인력 Pool 확보 (Direct Sourcing),,1.10.4.3,지원자 접촉,"영입 희망 인재에게 지원 제안 메일/유선연락 진행(온/오프라인 커피챗 등), 등록 안내"
1,채용,1.10,경력채용(팀원),1.10.5,인력 Pool 확보 (사내추천),사내 추천 경로를 통해 우수한 지원자를 확보하는 업무,1.10.5.1,추천 인력 접수,사내 추천을 통해 접수된 인원 확인
1,채용,1.10,경력채용(팀원),1.10.5,인력 Pool 확보 (사내추천),,1.10.5.2,사전 검토,추천 인력의 적합 여부 판단
1,채용,1.10,경력채용(팀원),1.10.5,인력 Pool 확보 (사내추천),,1.10.5.3,검토 결과 안내,검토 결과 안내 (추천인 or 지원자 대상)
1,채용,1.10,경력채용(팀원),1.10.6,인력 Pool 확보 (공통),,1.10.6.1,후속 업무 안내,서류 합격(예정)자 커리어두산 입사지원 안내 및 지원현황 확인
1,채용,1.10,경력채용(팀원),1.10.7,서류접수,서류접수 기간 중 발생하는 업무,1.10.7.1,서류 접수 오류 대응,전형 중 발생하는 입사지원서 제출 관련 오류 발생 대응 (w. DDI)
1,채용,1.10,경력채용(팀원),1.10.7,서류접수,,1.10.7.2,서류 접수 현황 체크 및 보고,지원 현황 확인 및 보고
1,채용,1.10,경력채용(팀원),1.10.7,서류접수,,1.10.7.3,서류접수 마감,공지된 일정에 맞춰 서류접수 마감
1,채용,1.10,경력채용(팀원),1.10.8,서류전형 (경력기술서),"지원자에 대한 인적사항, 학력 등 기본 사항과 경력기술서 내용을 종합적으로 검토하여 서류결과(합/불)을 결정하는 업무",1.10.8.1,서류 검토 및 합격자 선발,"지원자 입사지원서를 검토(HR,현업)하여 합격자 선발"
1,채용,1.10,경력채용(팀원),1.10.8,서류전형 (경력기술서),,1.10.8.2,서류전형 결과 발표 및 시스템 반영,서류전형 결과 발표 후 시스템에 반영
1,채용,1.10,경력채용(팀원),1.10.9,DCAT (인성검사),DCAT 전형준비/운영을 위한 업무 일체,1.10.9.1,DCAT 일정 협의 및 안내,서류전형 합격자와 협의하여 DCAT 일정 확정 후 안내
1,채용,1.10,경력채용(팀원),1.10.9,DCAT (인성검사),,1.10.9.2,DCAT 시스템 세팅,채용 시스템에 DCAT 면접 운영을 위한 사전 세팅을 진행함
1,채용,1.10,경력채용(팀원),1.10.9,DCAT (인성검사),,1.10.9.3,DCAT 운영,"DCAT 응시 당일, DCAT 응시 설명 및 응시 지원"
1,채용,1.10,경력채용(팀원),1.10.9,DCAT (인성검사),,1.10.9.4,DCAT 결과 출력,DCAT 응시 종료 후 시스템에서 채점 진행 및 결과 출력
1,채용,1.10,경력채용(팀원),1.10.9,DCAT (인성검사),,1.10.9.5,DCAT 결과 보고,DCAT 응시 종료 후 결과 보고(HR)
1,채용,1.10,경력채용(팀원),1.10.9,DCAT (인성검사),,1.10.9.6,DCAT 예외 검토,(발생 시)필요 시 예외 검토자에 대한 별도 검토 및 협의(W.지주HR)
1,채용,1.10,경력채용(팀원),1.10.9,DCAT (인성검사),,1.10.9.7,DCAT 결과 안내,지원자 및 유관부서에 DCAT 결과 안내
1,채용,1.10,경력채용(팀원),1.10.10,실무면접,실무면접 전형 준비/운영을 위한 업무 일체,1.10.10.1,실무면접 사전준비,"면접관/지원자 일정 확인, 장소 섭외 등 사전 준비 일체"
1,채용,1.10,경력채용(팀원),1.10.10,실무면접,,1.10.10.2,면접 장소 준비,실제 장소 준비 관련 업무
1,채용,1.10,경력채용(팀원),1.10.10,실무면접,,1.10.10.3,Assessor 선정 및 안내,Assessor 일정 공지 및 Block (Outlook)
1,채용,1.10,경력채용(팀원),1.10.10,실무면접,,1.10.10.4,면접 환경 최종 점검,"면접 장소, 장비 등 현장 점검"
1,채용,1.10,경력채용(팀원),1.10.10,실무면접,,1.10.10.5,지원자 신원 확인 및 서류 징구,"지원자 도착 후 신원 확인, 대기 장소/동선/면접 운영 방식 등 안내"
1,채용,1.10,경력채용(팀원),1.10.10,실무면접,,1.10.10.6,실무면접 일정 안내 (지원자),"지원자 별 실무면접 일정 및 제출 서류(예. 경력증명서, 처우 증빙)를 안내함"
1,채용,1.10,경력채용(팀원),1.10.10,실무면접,,1.10.10.7,실무면접 시스템 세팅,대상자·면접관 매칭을 시스템에 셋팅·업로드함
1,채용,1.10,경력채용(팀원),1.10.10,실무면접,,1.10.10.8,실무면접 진행,"실무면접을 진행하고, Asessor는 면접 평가 결과를 채용 시스템에 입력함"
1,채용,1.10,경력채용(팀원),1.10.10,실무면접,,1.10.10.9,실무면접 결과 취합 및 Calibration,"Assessor 면접 평가 결과를 확인하고, 최종 Calibration을 진행함"
1,채용,1.10,경력채용(팀원),1.10.10,실무면접,,1.10.10.10,실무면접 합격자 선정(1차) 및 보고,실무면접 결과를 검토하여 각 자회사에서 실무면접 합격 여부를 확정함
1,채용,1.10,경력채용(팀원),1.10.10,실무면접,,1.10.10.11,실무면접 전형 결과 발표 및 시스템 반영,실무면접 결과 발표 후 시스템에 반영
1,채용,1.10,경력채용(팀원),1.10.11,경영진 면접 (자회사 CEO면접),경영진 면접 전형 준비/운영을 위한 업무 일체,1.10.11.1,경영진 면접 배석자 일정 Block,각 BG/부문장 일정 block
1,채용,1.10,경력채용(팀원),1.10.11,경영진 면접 (자회사 CEO면접),,1.10.11.2,경영진 면접 사전보고,CEO/배석자 일정 Arr 등 사전 준비 일체
1,채용,1.10,경력채용(팀원),1.10.11,경영진 면접 (자회사 CEO면접),,1.10.11.3,경영진 면접 일정 안내,면접대상자에게 면접일정 등 안내
1,채용,1.10,경력채용(팀원),1.10.11,경영진 면접 (자회사 CEO면접),,1.10.11.4,경영진 면접자료 작성,경영진 면접을 위한 면접자료(각 사별 별동 양식) 작성 및 준비
1,채용,1.10,경력채용(팀원),1.10.11,경영진 면접 (자회사 CEO면접),,1.10.11.5,경영진 면접 운영,"경영진 면접을 진행하고, 지원자에 대한 합/불 의사결정을 득함"
1,채용,1.10,경력채용(팀원),1.10.11,경영진 면접 (자회사 CEO면접),,1.10.11.6,경영진 면접 결과 발표 및 시스템 반영,"경영진 면접 결과를 발표하고, 시스템에 반영"
1,채용,1.10,경력채용(팀원),1.10.12,최종면접 (그룹회장님),최종 면접 전형 준비/운영을 위한 업무 일체,1.10.12.1,최종면접 사전준비,면접관 일정 Arr 등 사전 준비 일체
1,채용,1.10,경력채용(팀원),1.10.12,최종면접 (그룹회장님),,1.10.12.2,최종면접 일정 안내,"최종면접 일정 등 안내 (지주→자회사, 자회사→면접대상자)"
1,채용,1.10,경력채용(팀원),1.10.12,최종면접 (그룹회장님),,1.10.12.3,최종면접 면접자료 준비,"자회사HR에서 최종면접 면접자료(입사지원서, 보고자료)를 작성함"
1,채용,1.10,경력채용(팀원),1.10.12,최종면접 (그룹회장님),,1.10.12.4,최종면접 면접자료 검토,지주HR에서 자회사HR이 작성한 최종면접자료를 검토/수정하고 내부보고 후 최종 확정
1,채용,1.10,경력채용(팀원),1.10.12,최종면접 (그룹회장님),,1.10.12.5,최종면접 진행,최종면접 진행 (축하 PKG 주소 확인 등 당일 세부 Activity 일괄 포함)
1,채용,1.10,경력채용(팀원),1.10.12,최종면접 (그룹회장님),,1.10.12.6,최종면접 결과 공유,"최종 면접결과 공유 (To 자회사HR, 축하PKG 발송 업체 등 업무 유관 부서)"
1,채용,1.10,경력채용(팀원),1.10.12,최종면접 (그룹회장님),,1.10.12.7,최종면접 결과 시스템 반영,"최종면접 전형 결과를 채용 시스템에 반영하고, 결과 발표(합/불 안내문 등)을 준비함"
1,채용,1.10,경력채용(팀원),1.10.12,최종면접 (그룹회장님),,1.10.12.8,최종면접 결과 발표,채용 시스템을 통해 최종면접 전형 결과를 발표함
1,채용,1.10,경력채용(팀원),1.10.12,최종면접 (그룹회장님),,1.10.12.9,최종면접 질문 취합 요청 발송,자회사HR에 지원자 별 최종면접 질문 공유를 요청
1,채용,1.10,경력채용(팀원),1.10.12,최종면접 (그룹회장님),,1.10.12.10,최종면접 질문 취합 및 정리,제출된 면접질문을 취합/정리함
1,채용,1.10,경력채용(팀원),1.10.12,최종면접 (그룹회장님),,1.10.12.11,최종면접 운영 실적 정리,최종면접 운영 실적을 엑셀로 정리함
1,채용,1.10,경력채용(팀원),1.10.13,후속 업무,최종면접 합격자를 대상으로 입사 확정 전 진행해야 하는 후속업무(채용검진 등)을 진행하는 업무,1.10.13.1,축하 PKG 발송 신청,최종면접 합격자 대상 축하 PKG(꽃바구니 등) 발송 신청
1,채용,1.10,경력채용(팀원),1.10.13,후속 업무,,1.10.13.2,채용검진(+ 신원조회 등) 진행 안내(=최종면접 결과 발표 or 별도 안내),"최종면접 합격자 대상 채용 검진 진행 관련 안내 (검진기관, 검진 기간 등)"
1,채용,1.10,경력채용(팀원),1.10.13,후속 업무,,1.10.13.3,채용검진 진행,채용검진 진행 요청 및 검진 진행상황 모니터링 (검진 기관 커뮤니케이션 포함)
1,채용,1.10,경력채용(팀원),1.10.13,후속 업무,,1.10.13.4,채용검진 결과확인,채용검진 결과 취합 및 결과 확인
1,채용,1.10,경력채용(팀원),1.10.13,후속 업무,,1.10.13.5,신원조회 진행,신원 조회 요청 및 진행상황 모니터링 (담당자 커뮤니케이션 포함)
1,채용,1.10,경력채용(팀원),1.10.13,후속 업무,,1.10.13.6,신원조회 결과 확인,신원조회 결과 취합 및 결확 확인
1,채용,1.10,경력채용(팀원),1.10.13,후속 업무,,1.10.13.7,reference check 진행(필요시),실무면접 이후 필요시 reference check 진행
1,채용,1.10,경력채용(팀원),1.10.13,후속 업무,,1.10.13.8,학력사항/경력사항 등 검증 진행,전문 기관에 제출 서류 검증 요청 또는 자체 검증 (최종면접 합격자 제출서류(대학교 졸업(예정) 증명서 등) 등)
1,채용,1.10,경력채용(팀원),1.10.13,후속 업무,,1.10.13.9,학력사항/경력사항 등 검증 결과 확인,검증 결과 확인
1,채용,1.10,경력채용(팀원),1.10.13,후속 업무,,1.10.13.10,특이사항 검토,"채용검진/신원조회/기타 검증사항 등에서 특이사항 확인 시, 후속 검토 진행"
1,채용,1.10,경력채용(팀원),1.10.13,후속 업무,,1.10.13.11,확인 사항 취합 보고,"채용검진, 신원조회, R/C, 검증사항 등 전체 내용"
1,채용,1.10,경력채용(팀원),1.10.13,후속 업무,,1.10.13.12,최종 입사대상자 선정,채용검진/신원조회 등 결과를 고려하여 최종 입사대상자 확정
1,채용,1.10,경력채용(팀원),1.10.13,후속 업무,,1.10.13.13,소요비용 품의 상신 및 정산,경력 채용 시 소요된 외부 비용 정산 처리 (S/F 수수료 외)
1,채용,1.10,경력채용(팀원),1.10.14,처우/입사일정 협의,합격자에게 급여∙복리후생 등 처우 조건을 안내하고 협의하는 단계,1.10.14.1,처우 검토,최종 입사대상자의 입사 처우를 산정 (제출 서류 요청 포함)
1,채용,1.10,경력채용(팀원),1.10.14,처우/입사일정 협의,,1.10.14.2,처우 내부 보고 및 확정,실무자가 검토한 처우(안)을 내부 보고를 통해 1차 확정
1,채용,1.10,경력채용(팀원),1.10.14,처우/입사일정 협의,,1.10.14.3,처우 및 입사일정 협의,"1차 확정된 처우(안)을 활용하여 지원자와 처우 협의 진행(불발 시, 재검토 과정은 앞 단계 업무로 포함)
"
1,채용,1.10,경력채용(팀원),1.10.15,채용 확정,공식 채용 확정을 위한 업무 일체,1.10.15.1,Offer PKG 발송,처우(안) 구두 협의 후 공식 Offer PKG(E-mail) 발송
1,채용,1.10,경력채용(팀원),1.10.15,채용 확정,,1.10.15.2,Offer PKG 동의 메일 수신,지원자 공식 동의 득
1,채용,1.10,경력채용(팀원),1.10.15,채용 확정,,1.10.15.3,입사 품의 상신,입사 품의 상신
1,채용,1.10,경력채용(팀원),1.10.16,신규입사자 입사 준비,입사예정자의 입사 준비를 위한 일련의 업무,1.10.16.1,입사 안내,"최종 입사대상자 입사 관련 사전 안내 (일정, 방법 등)"
1,채용,1.10,경력채용(팀원),1.10.16,신규입사자 입사 준비,,1.10.16.2,계정 생성,입사예정자의 계정 생성
1,채용,1.10,경력채용(팀원),1.10.16,신규입사자 입사 준비,,1.10.16.3,사원증 준비,취합된 증명사진을 유관 부서에 전달하여 공식 사원증 제작 요청
1,채용,1.10,경력채용(팀원),1.10.16,신규입사자 입사 준비,,1.10.16.4,OA 준비,PC를 종류 별 수요 조사(설계 or 일반) 후 유관 부서에 수량 전달 및 배부 요청
1,채용,1.10,경력채용(팀원),1.10.16,신규입사자 입사 준비,,1.10.16.5,payco 준비,근무 인원에 대한 payco 지급 요청 및 대상 안내
1,채용,1.10,경력채용(팀원),1.10.16,신규입사자 입사 준비,,1.10.16.6,신규 입사자 입문교육 관련 유관부서 Co-work,경력사원 입문교육 담당부서에 필요 내용 공유
1,채용,1.10,경력채용(팀원),1.10.16,신규입사자 입사 준비,,1.10.16.7,입사발령 데이터 입력 및 전송,입사예정자 정보를 인사시스템으로 전송하여 입사발령을 준비함
1,채용,1.10,경력채용(팀원),1.10.16,신규입사자 입사 준비,,1.10.16.8,입사 발령 처리 ,입사예정자 입사 발령을 위한 필요한 사전 준비 일체와 품의/시스템 처리
1,채용,1.10,경력채용(팀원),1.10.17,입사/발령,신규 입사자 입사 시 수행 업무,1.10.17.1,입사 서류 작성 및 제출,"근로계약서, 연봉계약서 등 입사 시 제출 필요한 서류 작성 및 제출"
1,채용,1.10,경력채용(팀원),1.10.17,입사/발령,,1.10.17.2,인계,소속 조직으로 인계
1,채용,1.10,경력채용(팀원),1.10.17,입사/발령,,1.10.17.3,입사 발령 게시,입사 발령 게시
1,채용,1.10,경력채용(팀원),1.10.17,입사/발령,,1.10.17.4,입사자 개인정보 입력 및 제출서류 등록,입사자의 개인정보 및 제출서류 정보 등을 회사 인사관리시스템에 등록
1,채용,1.10,경력채용(팀원),1.10.17,입사/발령,,1.10.17.5,입사 결과 시스템 반영,입사 결과를 채용 시스템에 반영
1,채용,1.10,경력채용(팀원),1.10.18,기타,채용 과정에서 발생하는 etc성 업무,1.10.18.1,소요비용 품의 상신 및 정산,"입사 확인 후 정산이 필요한 사항(S/F 수수료, 내부 추천 베네핏 등) 정산 처리"
1,채용,1.11,경력채용(정규직 전환),1.11.1,전환 대상자 선정,계약직 중 전환 가능 인원을 선정하는 업무,1.11.1.1,전환 대상자 명단 작성,HR이 계약직 근무자 중 전환 검토 대상자를 명단으로 작성함
1,채용,1.11,경력채용(정규직 전환),1.11.1,전환 대상자 선정,,1.11.1.2,전환 대상자 검토 및 보고,"담당부서와 협의하여 전환 필요성과 적합성을 검토하여, 내부 보고 진행"
1,채용,1.11,경력채용(정규직 전환),1.11.1,전환 대상자 선정,,1.11.1.3,전환 대상자 확정 및 안내,"의사결정을 통해 확정된 인원을 선정하고, 해당 조직(BG HR)에 정규직 전환 진행 가능 여부 안내"
1,채용,1.11,경력채용(정규직 전환),1.11.2,채용 공고,모집 공고문을 작성하고 채용 시스템에 해당 내용을 업로드하는 업무(+협력업체 전달),1.11.2.1,모집분야 JD 작성 요청,선발된 인원에 맞는 모집 분야 별 세부 JD 작성 요청
1,채용,1.11,경력채용(정규직 전환),1.11.2,채용 공고,,1.11.2.2,공고용 JD 작성,제출된 JD를 취합·검토하여 외부 공고용 JD로 수정함
1,채용,1.11,경력채용(정규직 전환),1.11.2,채용 공고,,1.11.2.3,커리어두산 공고 게시 준비,"채용 일정, 지원자격, JD 등을 모두 포함하여 공고 오픈을 위한 시스템 작업 수행 (오류 사전 확인 등)"
1,채용,1.11,경력채용(정규직 전환),1.11.2,채용 공고,,1.11.2.4,커리어두산 공고 오픈 (비공개),"회사 공식 채용 홈페이지에 채용 일정에 맞춰 기 작업한 채용 공고를 오픈하되, 정규직 전환 전형은 대부분 비공개로 오픈 진행"
1,채용,1.11,경력채용(정규직 전환),1.11.3,서류접수,서류접수 기간 중 발생하는 업무,1.11.3.1,대상자 입사지원 안내,BG HR을 통해 대상자에게 커리어두산 입사지원 안내 및 지원 현황 확인
1,채용,1.11,경력채용(정규직 전환),1.11.3,서류접수,,1.11.3.2,서류접수 마감,공지된 일정에 맞춰 서류접수 마감
1,채용,1.11,경력채용(정규직 전환),1.11.4,서류전형 (경력기술서),"지원자에 대한 인적사항, 학력 등 기본 사항과 경력기술서 내용을 종합적으로 검토하여 서류결과(합/불)을 결정하는 업무",1.11.4.1,서류 검토 및 합격자 선발,"지원자 입사지원서를 검토(HR,현업)하여 합격자 선발"
1,채용,1.11,경력채용(정규직 전환),1.11.4,서류전형 (경력기술서),,1.11.4.2,서류전형 결과 발표 및 시스템 반영,서류전형 결과 발표 후 시스템에 반영
1,채용,1.11,경력채용(정규직 전환),1.11.5,DCAT (인성검사),DCAT 전형준비/운영을 위한 업무 일체,1.11.5.1,DCAT 일정 협의 및 안내,서류전형 합격자와 협의하여 DCAT 일정 확정 후 안내
1,채용,1.11,경력채용(정규직 전환),1.11.5,DCAT (인성검사),,1.11.5.2,DCAT 시스템 세팅,채용 시스템에 DCAT 면접 운영을 위한 사전 세팅을 진행함
1,채용,1.11,경력채용(정규직 전환),1.11.5,DCAT (인성검사),,1.11.5.3,DCAT 운영,"DCAT 응시 당일, DCAT 응시 설명 및 응시 지원"
1,채용,1.11,경력채용(정규직 전환),1.11.5,DCAT (인성검사),,1.11.5.4,DCAT 결과 보고,DCAT 응시 종료 후 결과 보고(HR)
1,채용,1.11,경력채용(정규직 전환),1.11.5,DCAT (인성검사),,1.11.5.5,DCAT 예외 검토,(발생 시)필요 시 예외 검토자에 대한 별도 검토 및 협의(W.지주HR)
1,채용,1.11,경력채용(정규직 전환),1.11.5,DCAT (인성검사),,1.11.5.6,DCAT 결과 안내,지원자 및 유관부서에 DCAT 결과 안내
1,채용,1.11,경력채용(정규직 전환),1.11.6,실무면접,실무면접 전형 준비/운영을 위한 업무 일체,1.11.6.1,실무면접 사전준비,"면접관/지원자 일정 확인, 장소 섭외 등 사전 준비 일체"
1,채용,1.11,경력채용(정규직 전환),1.11.6,실무면접,,1.11.6.2,면접 장소 준비,실제 장소 준비 관련 업무
1,채용,1.11,경력채용(정규직 전환),1.11.6,실무면접,,1.11.6.3,Assessor 선정 및 안내,Assessor 일정 공지 및 Block (Outlook)
1,채용,1.11,경력채용(정규직 전환),1.11.6,실무면접,,1.11.6.4,면접 환경 최종 점검,"면접 장소, 장비 등 현장 점검"
1,채용,1.11,경력채용(정규직 전환),1.11.6,실무면접,,1.11.6.5,지원자 신원 확인 및 서류 징구,"지원자 도착 후 신원 확인, 대기 장소/동선/면접 운영 방식 등 안내"
1,채용,1.11,경력채용(정규직 전환),1.11.6,실무면접,,1.11.6.6,실무면접 일정 안내 (지원자),"지원자 별 실무면접 일정 및 제출 서류(예. 경력증명서, 처우 증빙)를 안내함"
1,채용,1.11,경력채용(정규직 전환),1.11.6,실무면접,,1.11.6.7,실무면접 시스템 세팅,대상자·면접관 매칭을 시스템에 셋팅·업로드함
1,채용,1.11,경력채용(정규직 전환),1.11.6,실무면접,,1.11.6.8,실무면접 진행,"실무면접을 진행하고, Asessor는 면접 평가 결과를 채용 시스템에 입력함"
1,채용,1.11,경력채용(정규직 전환),1.11.6,실무면접,,1.11.6.9,실무면접 결과 취합 및 Calibration,"Assessor 면접 평가 결과를 확인하고, 최종 Calibration을 진행함"
1,채용,1.11,경력채용(정규직 전환),1.11.6,실무면접,,1.11.6.10,실무면접 합격자 선정(1차) 및 보고,실무면접 결과를 검토하여 각 자회사에서 실무면접 합격 여부를 확정함
1,채용,1.11,경력채용(정규직 전환),1.11.6,실무면접,,1.11.6.11,실무면접 전형 결과 발표 및 시스템 반영,실무면접 결과 발표 후 시스템에 반영
1,채용,1.11,경력채용(정규직 전환),1.11.7,경영진 면접 (자회사 CEO면접),경영진 면접 전형 준비/운영을 위한 업무 일체,1.11.7.1,경영진 면접 배석자 일정 Block,각 BG/부문장 일정 block
1,채용,1.11,경력채용(정규직 전환),1.11.7,경영진 면접 (자회사 CEO면접),,1.11.7.2,경영진 면접 사전보고,CEO/배석자 일정 Arr 등 사전 준비 일체
1,채용,1.11,경력채용(정규직 전환),1.11.7,경영진 면접 (자회사 CEO면접),,1.11.7.3,경영진 면접 일정 안내,면접대상자에게 면접일정 등 안내
1,채용,1.11,경력채용(정규직 전환),1.11.7,경영진 면접 (자회사 CEO면접),,1.11.7.4,경영진 면접자료 작성,경영진 면접을 위한 면접자료(각 사별 별동 양식) 작성 및 준비
1,채용,1.11,경력채용(정규직 전환),1.11.7,경영진 면접 (자회사 CEO면접),,1.11.7.5,경영진 면접 운영,"경영진 면접을 진행하고, 지원자에 대한 합/불 의사결정을 득함"
1,채용,1.11,경력채용(정규직 전환),1.11.7,경영진 면접 (자회사 CEO면접),,1.11.7.6,경영진 면접 결과 발표 및 시스템 반영,"경영진 면접 결과를 발표하고, 시스템에 반영"
1,채용,1.11,경력채용(정규직 전환),1.11.8,최종면접 (그룹회장님),최종 면접 전형 준비/운영을 위한 업무 일체,1.11.8.1,최종면접 사전준비,면접관 일정 Arr 등 사전 준비 일체
1,채용,1.11,경력채용(정규직 전환),1.11.8,최종면접 (그룹회장님),,1.11.8.2,최종면접 일정 안내,"최종면접 일정 등 안내 (지주→자회사, 자회사→면접대상자)"
1,채용,1.11,경력채용(정규직 전환),1.11.8,최종면접 (그룹회장님),,1.11.8.3,최종면접 면접자료 준비,"자회사HR에서 최종면접 면접자료(입사지원서, 보고자료)를 작성함"
1,채용,1.11,경력채용(정규직 전환),1.11.8,최종면접 (그룹회장님),,1.11.8.4,최종면접 면접자료 검토,지주HR에서 자회사HR이 작성한 최종면접자료를 검토/수정하고 내부보고 후 최종 확정
1,채용,1.11,경력채용(정규직 전환),1.11.8,최종면접 (그룹회장님),,1.11.8.5,최종면접 진행,최종면접 진행 (축하 PKG 주소 확인 등 당일 세부 Activity 일괄 포함)
1,채용,1.11,경력채용(정규직 전환),1.11.8,최종면접 (그룹회장님),,1.11.8.6,최종면접 결과 공유,"최종 면접결과 공유 (To 자회사HR, 축하PKG 발송 업체 등 업무 유관 부서)"
1,채용,1.11,경력채용(정규직 전환),1.11.8,최종면접 (그룹회장님),,1.11.8.7,최종면접 결과 시스템 반영,"최종면접 전형 결과를 채용 시스템에 반영하고, 결과 발표(합/불 안내문 등)을 준비함"
1,채용,1.11,경력채용(정규직 전환),1.11.8,최종면접 (그룹회장님),,1.11.8.8,최종면접 결과 발표,채용 시스템을 통해 최종면접 전형 결과를 발표함
1,채용,1.11,경력채용(정규직 전환),1.11.8,최종면접 (그룹회장님),,1.11.8.9,최종면접 질문 취합 요청 발송,자회사HR에 지원자 별 최종면접 질문 공유를 요청
1,채용,1.11,경력채용(정규직 전환),1.11.8,최종면접 (그룹회장님),,1.11.8.10,최종면접 질문 취합 및 정리,제출된 면접질문을 취합/정리함
1,채용,1.11,경력채용(정규직 전환),1.11.8,최종면접 (그룹회장님),,1.11.8.11,최종면접 운영 실적 정리,최종면접 운영 실적을 엑셀로 정리함
1,채용,1.11,경력채용(정규직 전환),1.11.9,후속 업무,최종면접 합격자를 대상으로 입사 확정 전 진행해야 하는 후속업무(채용검진 등)을 진행하는 업무,1.11.9.1,축하 PKG 발송 신청,최종면접 합격자 대상 축하 PKG(꽃바구니 등) 발송 신청
1,채용,1.11,경력채용(정규직 전환),1.11.9,후속 업무,,1.11.9.2,채용검진(+ 신원조회 등) 진행 안내(=최종면접 결과 발표 or 별도 안내),"최종면접 합격자 대상 채용 검진 진행 관련 안내 (검진기관, 검진 기간 등)"
1,채용,1.11,경력채용(정규직 전환),1.11.9,후속 업무,,1.11.9.3,채용검진 진행,채용검진 진행 요청 및 검진 진행상황 모니터링 (검진 기관 커뮤니케이션 포함)
1,채용,1.11,경력채용(정규직 전환),1.11.9,후속 업무,,1.11.9.4,채용검진 결과확인,채용검진 결과 취합 및 결과 확인
1,채용,1.11,경력채용(정규직 전환),1.11.9,후속 업무,,1.11.9.5,신원조회 진행,신원 조회 요청 및 진행상황 모니터링 (담당자 커뮤니케이션 포함)
1,채용,1.11,경력채용(정규직 전환),1.11.9,후속 업무,,1.11.9.6,신원조회 결과 확인,신원조회 결과 취합 및 결확 확인
1,채용,1.11,경력채용(정규직 전환),1.11.9,후속 업무,,1.11.9.7,reference check 진행(필요시),실무면접 이후 필요시 reference check 진행
1,채용,1.11,경력채용(정규직 전환),1.11.9,후속 업무,,1.11.9.8,학력사항/경력사항 등 검증 진행,전문 기관에 제출 서류 검증 요청 또는 자체 검증 (최종면접 합격자 제출서류(대학교 졸업(예정) 증명서 등) 등)
1,채용,1.11,경력채용(정규직 전환),1.11.9,후속 업무,,1.11.9.9,학력사항/경력사항 등 검증 결과 확인,검증 결과 확인
1,채용,1.11,경력채용(정규직 전환),1.11.9,후속 업무,,1.11.9.10,특이사항 검토,"채용검진/신원조회/기타 검증사항 등에서 특이사항 확인 시, 후속 검토 진행"
1,채용,1.11,경력채용(정규직 전환),1.11.9,후속 업무,,1.11.9.11,확인 사항 취합 보고,"채용검진, 신원조회, R/C, 검증사항 등 전체 내용"
1,채용,1.11,경력채용(정규직 전환),1.11.9,후속 업무,,1.11.9.12,최종 입사대상자 선정,채용검진/신원조회 등 결과를 고려하여 최종 입사대상자 확정
1,채용,1.11,경력채용(정규직 전환),1.11.9,후속 업무,,1.11.9.13,소요비용 품의 상신 및 정산,경력 채용 시 소요된 외부 비용 정산 처리 (S/F 수수료 외)
1,채용,1.11,경력채용(정규직 전환),1.11.9,후속 업무,,1.11.9.14,퇴직금 발생 검토 및 처리,"계약직 퇴직 후 정규직 입사하는 개념으로, 실제 프로세스 및 수행 업무 확인 후 업데이트 필요"
1,채용,1.11,경력채용(정규직 전환),1.11.9,후속 업무,,1.11.9.15,퇴사 관련 서류 징구,"연속근로 노무 이슈 등을 고려한 별도의 서류 작업 (퇴직급 지연 지급, 연차 정산, 연속 근로 미인정 등)"
1,채용,1.11,경력채용(정규직 전환),1.11.10,처우/입사일정 협의,합격자에게 급여∙복리후생 등 처우 조건을 안내하고 협의하는 단계,1.11.10.1,처우 검토,최종 입사대상자의 입사 처우를 산정 (제출 서류 요청 포함)
1,채용,1.11,경력채용(정규직 전환),1.11.10,처우/입사일정 협의,,1.11.10.2,처우 내부 보고 및 확정,실무자가 검토한 처우(안)을 내부 보고를 통해 1차 확정
1,채용,1.11,경력채용(정규직 전환),1.11.10,처우/입사일정 협의,,1.11.10.3,처우 및 입사일정 협의,"1차 확정된 처우(안)을 활용하여 지원자와 처우 협의 진행(불발 시, 재검토 과정은 앞 단계 업무로 포함)
"
1,채용,1.11,경력채용(정규직 전환),1.11.11,채용 확정,공식 채용 확정을 위한 업무 일체,1.11.11.1,Offer PKG 발송,처우(안) 구두 협의 후 공식 Offer PKG(E-mail) 발송
1,채용,1.11,경력채용(정규직 전환),1.11.11,채용 확정,,1.11.11.2,Offer PKG 동의 메일 수신,지원자 공식 동의 득
1,채용,1.11,경력채용(정규직 전환),1.11.11,채용 확정,,1.11.11.3,입사 품의 상신,입사 품의 상신
1,채용,1.11,경력채용(정규직 전환),1.11.12,신규입사자 입사 준비,입사예정자의 입사 준비를 위한 일련의 업무,1.11.12.1,입사 안내,"최종 입사대상자 입사 관련 사전 안내 (일정, 방법 등)"
1,채용,1.11,경력채용(정규직 전환),1.11.12,신규입사자 입사 준비,,1.11.12.2,경력 입사 준비,"업무 집기(사원증, 노트북 등) 준비, 발령 준비를 위한 정보 요청 등 경력 입사자를 위한 입사 준비 일체"
1,채용,1.11,경력채용(정규직 전환),1.11.12,신규입사자 입사 준비,,1.11.12.3,계정 생성,입사예정자의 계정 생성
1,채용,1.11,경력채용(정규직 전환),1.11.12,신규입사자 입사 준비,,1.11.12.4,사원증 준비,취합된 증명사진을 유관 부서에 전달하여 공식 사원증 제작 요청
1,채용,1.11,경력채용(정규직 전환),1.11.12,신규입사자 입사 준비,,1.11.12.5,OA 준비,PC를 종류 별 수요 조사(설계 or 일반) 후 유관 부서에 수량 전달 및 배부 요청
1,채용,1.11,경력채용(정규직 전환),1.11.12,신규입사자 입사 준비,,1.11.12.6,payco 준비,근무 인원에 대한 payco 지급 요청 및 대상 안내
1,채용,1.11,경력채용(정규직 전환),1.11.12,신규입사자 입사 준비,,1.11.12.7,신규 입사자 입문교육 관련 유관부서 Co-work,경력사원 입문교육 담당부서에 필요 내용 공유
1,채용,1.11,경력채용(정규직 전환),1.11.12,신규입사자 입사 준비,,1.11.12.8,입사발령 데이터 입력 및 전송,입사예정자 정보를 인사시스템으로 전송하여 입사발령을 준비함
1,채용,1.11,경력채용(정규직 전환),1.11.12,신규입사자 입사 준비,,1.11.12.9,입사 발령 처리 ,입사예정자 입사 발령을 위한 필요한 사전 준비 일체와 품의/시스템 처리
1,채용,1.11,경력채용(정규직 전환),1.11.13,입사/발령,신규 입사자 입사 시 수행 업무,1.11.13.1,입사 서류 작성 및 제출,"근로계약서, 연봉계약서 등 입사 시 제출 필요한 서류 작성 및 제출"
1,채용,1.11,경력채용(정규직 전환),1.11.13,입사/발령,,1.11.13.2,인계,소속 조직으로 인계
1,채용,1.11,경력채용(정규직 전환),1.11.13,입사/발령,,1.11.13.3,입사 발령 게시,입사 발령 게시
1,채용,1.11,경력채용(정규직 전환),1.11.13,입사/발령,,1.11.13.4,입사자 개인정보 입력 및 제출서류 등록,입사자의 개인정보 및 제출서류 정보 등을 회사 인사관리시스템에 등록
1,채용,1.11,경력채용(정규직 전환),1.11.13,입사/발령,,1.11.13.5,입사 결과 시스템 반영,입사 결과를 채용 시스템에 반영
1,채용,1.11,경력채용(정규직 전환),1.11.13,입사/발령,,1.11.13.6,소요비용 품의 상신 및 정산,채용 관련 소요 비용 정산 처리
1,채용,1.12,경력채용(재입사/팀원),1.12.1,재입사 대상자 선정,재입사 대상자를 선정하는 업무,1.12.1.1,재입사 대상자 명단 작성,HR이 재입사 대상자를 선정함
1,채용,1.12,경력채용(재입사/팀원),1.12.1,재입사 대상자 선정,,1.12.1.2,경력 등 본인 확인,"퇴직 후 경력사항 등을 포함하여 확인이 필요한 내용에 대해 확인 (전화, 이메일 등)"
1,채용,1.12,경력채용(재입사/팀원),1.12.1,재입사 대상자 선정,,1.12.1.3,재입사 대상자 검토 및 보고,담당부서와 협의하여 재입사 필요성과 적합성을 검토하여 내부 보고 진행
1,채용,1.12,경력채용(재입사/팀원),1.12.1,재입사 대상자 선정,,1.12.1.4,지주 협의,내부 보고된 인원의 재입사 진행 가능 여부를 지주와 1차 협의함
1,채용,1.12,경력채용(재입사/팀원),1.12.1,재입사 대상자 선정,재입사자 입사 처우/일정 협의 관련 업무 일체,1.12.1.5,재입사 대상자 확정,채용 전형에 Input할 대상자를 확정함
1,채용,1.12,경력채용(재입사/팀원),1.12.2,처우/입사일정 협의,재입사자 입사 처우/일정 협의 관련 업무 일체,1.12.2.1,처우 검토,최종 입사대상자의 입사 처우를 산정 (제출 서류 요청 포함)
1,채용,1.12,경력채용(재입사/팀원),1.12.2,처우/입사일정 협의,,1.12.2.2,처우 내부 보고 및 확정,실무자가 검토한 처우(안)을 내부 보고를 통해 1차 확정
1,채용,1.12,경력채용(재입사/팀원),1.12.2,처우/입사일정 협의,,1.12.2.3,처우 및 입사일정 협의,"1차 확정된 처우(안)을 활용하여 지원자와 처우 협의 진행 (불발 시, 재검토 과정은 앞 단계 업무로 포함)
"
1,채용,1.12,경력채용(재입사/팀원),1.12.3,경영진 면접 (자회사 CEO면접),"재입사는 경력채용 경영진/최종면접 전형을 서면보고로 대체(대부분)함으로, 해당 보고 준비를 위한 업무 일체",1.12.3.1,재입사 보고자료 준비,자회사HR에서 재입사 보고자료를 작성함
1,채용,1.12,경력채용(재입사/팀원),1.12.3,경영진 면접 (자회사 CEO면접),,1.12.3.2,재입사 보고 및 의사결정,재입사자에 대한 입사 사전 보고 및 의사결정
1,채용,1.12,경력채용(재입사/팀원),1.12.3,경영진 면접 (자회사 CEO면접),,1.12.3.3,보고 결과 공유,자회사 CEO 의사결정 사항 공유 (유관부서)
1,채용,1.12,경력채용(재입사/팀원),1.12.4,최종면접 (그룹회장님),"재입사는 경력채용 경영진/최종면접 전형을 서면보고로 대체(대부분)함으로, 해당 보고 준비를 위한 업무 일체",1.12.4.1,최종면접 면접자료 준비,자회사HR에서 재입사 보고자료(최종면접 면접자료)를 작성함
1,채용,1.12,경력채용(재입사/팀원),1.12.4,최종면접 (그룹회장님),,1.12.4.2,최종면접 면접자료 검토,지주HR에서 자회사HR이 작성한 최종면접자료를 검토/수정하고 내부보고 후 최종 확정
1,채용,1.12,경력채용(재입사/팀원),1.12.4,최종면접 (그룹회장님),,1.12.4.3,최종면접 진행,최종면접 진행 (지주HR임원이 서면보고로 갈음)
1,채용,1.12,경력채용(재입사/팀원),1.12.4,최종면접 (그룹회장님),,1.12.4.4,최종면접 결과 공유,최종 면접결과 공유 (To 자회사HR)
1,채용,1.12,경력채용(재입사/팀원),1.12.4,최종면접 (그룹회장님),,1.12.4.5,최종면접 결과 발표,재입사 후보자에게 결과 안내
1,채용,1.12,경력채용(재입사/팀원),1.12.4,최종면접 (그룹회장님),,1.12.4.6,최종면접 운영 실적 정리,최종면접 운영 실적을 엑셀로 정리함
1,채용,1.12,경력채용(재입사/팀원),1.12.5,채용 확정,공식 채용 확정을 위한 업무 일체,1.12.5.1,Offer PKG 발송,처우(안) 구두 협의 후 공식 Offer PKG(E-mail) 발송
1,채용,1.12,경력채용(재입사/팀원),1.12.5,채용 확정,,1.12.5.2,Offer PKG 동의 메일 수신,지원자 공식 동의 득
1,채용,1.12,경력채용(재입사/팀원),1.12.5,채용 확정,,1.12.5.3,입사 품의 상신,입사 품의 상신
1,채용,1.12,경력채용(재입사/팀원),1.12.6,신규입사자 입사 준비,입사예정자의 입사 준비를 위한 일련의 업무,1.12.6.1,입사 안내,"최종 입사대상자 입사 관련 사전 안내 (일정, 방법 등)"
1,채용,1.12,경력채용(재입사/팀원),1.12.6,신규입사자 입사 준비,,1.12.6.2,경력 입사 준비,"업무 집기(사원증, 노트북 등) 준비, 발령 준비를 위한 정보 요청 등 경력 입사자를 위한 입사 준비 일체"
1,채용,1.12,경력채용(재입사/팀원),1.12.6,신규입사자 입사 준비,,1.12.6.3,계정 생성,입사예정자의 계정 생성
1,채용,1.12,경력채용(재입사/팀원),1.12.6,신규입사자 입사 준비,,1.12.6.4,사원증 준비,취합된 증명사진을 유관 부서에 전달하여 공식 사원증 제작 요청
1,채용,1.12,경력채용(재입사/팀원),1.12.6,신규입사자 입사 준비,,1.12.6.5,OA 준비,PC를 종류 별 수요 조사(설계 or 일반) 후 유관 부서에 수량 전달 및 배부 요청
1,채용,1.12,경력채용(재입사/팀원),1.12.6,신규입사자 입사 준비,,1.12.6.6,payco 준비,근무 인원에 대한 payco 지급 요청 및 대상 안내
1,채용,1.12,경력채용(재입사/팀원),1.12.6,신규입사자 입사 준비,,1.12.6.7,신규 입사자 입문교육 관련 유관부서 Co-work,경력사원 입문교육 담당부서에 필요 내용 공유
1,채용,1.12,경력채용(재입사/팀원),1.12.6,신규입사자 입사 준비,,1.12.6.8,입사발령 데이터 입력 및 전송,입사예정자 정보를 인사시스템으로 전송하여 입사발령을 준비함
1,채용,1.12,경력채용(재입사/팀원),1.12.6,신규입사자 입사 준비,,1.12.6.9,입사 발령 처리 ,입사예정자 입사 발령을 위해 필요한 사전 준비 일체와 품의/시스템 처리
1,채용,1.12,경력채용(재입사/팀원),1.12.7,입사/발령,신규 입사자 입사 시 수행 업무,1.12.7.1,입사 서류 작성 및 제출,"근로계약서, 연봉계약서 등 입사 시 제출 필요한 서류 작성 및 제출"
1,채용,1.12,경력채용(재입사/팀원),1.12.7,입사/발령,,1.12.7.2,인계,소속 조직으로 인계
1,채용,1.12,경력채용(재입사/팀원),1.12.7,입사/발령,,1.12.7.3,입사 발령 게시,입사 발령 게시
1,채용,1.12,경력채용(재입사/팀원),1.12.7,입사/발령,,1.12.7.4,입사자 개인정보 입력 및 제출서류 등록,입사자의 개인정보 및 제출서류 정보 등을 회사 인사관리시스템에 등록
1,채용,1.13,경력채용(재입사/팀장(1)),1.13.1,재입사 대상자 선정,"(재입사/팀장(1): 두산 팀장 경험 보유)
재입사 대상자를 선정하는 업무",1.13.1.1,재입사 대상자 명단 작성,HR이 재입사 대상자를 선정함
1,채용,1.13,경력채용(재입사/팀장(1)),1.13.1,재입사 대상자 선정,,1.13.1.2,경력 등 본인 확인,"퇴직 후 경력사항 등을 포함하여 확인이 필요한 내용에 대해 확인 (전화, 이메일 등)"
1,채용,1.13,경력채용(재입사/팀장(1)),1.13.1,재입사 대상자 선정,,1.13.1.3,재입사 대상자 검토 및 보고,"담당부서와 협의하여 재입사 필요성과 적합성을 검토하여 내부 보고 진행
-팀장 역할 시, 평가결과 등 포함"
1,채용,1.13,경력채용(재입사/팀장(1)),1.13.1,재입사 대상자 선정,,1.13.1.4,지주 협의,내부 보고된 인원의 재입사 진행 가능 여부를 지주와 1차 협의함
1,채용,1.13,경력채용(재입사/팀장(1)),1.13.1,재입사 대상자 선정,,1.13.1.5,재입사 대상자 확정,채용 전형에 Input할 대상자를 확정함
1,채용,1.13,경력채용(재입사/팀장(1)),1.13.2,평판 조회(Reference Check),,1.13.2.1,R/C 진행 준비 및 요청,"R/C 전문업체에 R/C 대상 지원자 정보 전달 및 R/C 진행 요청 (R/C 운영 기준 등 포함)
- 필요 시, 특이사항(Hogan Test 결과) 검증 등 포함"
1,채용,1.13,경력채용(재입사/팀장(1)),1.13.2,평판 조회(Reference Check),,1.13.2.2,R/C 결과 수령 및 확인,업체가 제공한 R/C 결과(평판조회리포트) 확인
1,채용,1.13,경력채용(재입사/팀장(1)),1.13.2,평판 조회(Reference Check),,1.13.2.3,R/C 결과 보고,결과 보고(HR)
1,채용,1.13,경력채용(재입사/팀장(1)),1.13.2,평판 조회(Reference Check),,1.13.2.4,후속전형 진행 검토,후속전형 진행 여부 의사결정
1,채용,1.13,경력채용(재입사/팀장(1)),1.13.2,평판 조회(Reference Check),,1.13.2.5,후속면접 진행 여부 안내 (=결과 발표),결과 안내
1,채용,1.13,경력채용(재입사/팀장(1)),1.13.3,임원 면접,"임원면접 단계 업무 일체(서면보고 대체 가능하며, 보고 대체 시, 후속 경영진면접 단계와 유사)",1.13.3.1,Assessor 일정 협의,임원/팀장 등 면접 Assessor 일정 협의
1,채용,1.13,경력채용(재입사/팀장(1)),1.13.3,임원 면접,,1.13.3.2,면접 일정 안내,면접대상자/Assessor에게 면접일정 등 안내
1,채용,1.13,경력채용(재입사/팀장(1)),1.13.3,임원 면접,,1.13.3.3,(필요 시) 면접 사전 보고,임원 면접 진행에 대한 사전 보고 실시
1,채용,1.13,경력채용(재입사/팀장(1)),1.13.3,임원 면접,,1.13.3.4,(필요 시) 임원 면접자료 작성,임원 면접을 위한 면접자료(각 사별 별도 양식) 작성 및 준비
1,채용,1.13,경력채용(재입사/팀장(1)),1.13.3,임원 면접,,1.13.3.5,임원 면접 운영,"임원 면접을 진행하고, 지원자에 대한 합/불 의사결정을 득함"
1,채용,1.13,경력채용(재입사/팀장(1)),1.13.3,임원 면접,,1.13.3.6,임원 면접 결과 발표,임원 면접 결과 발표
1,채용,1.13,경력채용(재입사/팀장(1)),1.13.4,처우/입사일정 협의,재입사자 입사 처우/일정 협의 관련 업무 일체,1.13.4.1,처우 검토,최종 입사대상자의 입사 처우를 산정 (제출 서류 요청 포함)
1,채용,1.13,경력채용(재입사/팀장(1)),1.13.4,처우/입사일정 협의,,1.13.4.2,처우 내부 보고 및 확정,실무자가 검토한 처우(안)을 내부 보고를 통해 1차 확정
1,채용,1.13,경력채용(재입사/팀장(1)),1.13.4,처우/입사일정 협의,,1.13.4.3,처우 및 입사일정 협의,"1차 확정된 처우(안)을 활용하여 지원자와 처우 협의 진행(불발 시, 재검토 과정은 앞 단계 업무로 포함)
"
1,채용,1.13,경력채용(재입사/팀장(1)),1.13.5,경영진 면접 (자회사 CEO면접),"재입사는 경력채용 경영진/최종면접 전형을 서면보고로 대체(대부분)함으로, 해당 보고 준비를 위한 업무 일체",1.13.5.1,재입사 보고자료 준비,자회사HR에서 재입사 보고자료를 작성함
1,채용,1.13,경력채용(재입사/팀장(1)),1.13.5,경영진 면접 (자회사 CEO면접),,1.13.5.2,재입사 보고 및 의사결정,재입사자에 대한 입사 사전 보고 및 의사결정
1,채용,1.13,경력채용(재입사/팀장(1)),1.13.5,경영진 면접 (자회사 CEO면접),,1.13.5.3,보고 결과 공유,자회사 CEO 의사결정 사항 공유 (유관부서)
1,채용,1.13,경력채용(재입사/팀장(1)),1.13.6,최종면접 (그룹회장님),"재입사는 경력채용 경영진/최종면접 전형을 서면보고로 대체(대부분)함으로, 해당 보고 준비를 위한 업무 일체",1.13.6.1,최종면접 면접자료 준비,자회사HR에서 재입사 보고자료(최종면접 면접자료)를 작성함
1,채용,1.13,경력채용(재입사/팀장(1)),1.13.6,최종면접 (그룹회장님),,1.13.6.2,최종면접 면접자료 검토,지주HR에서 자회사HR이 작성한 최종면접자료를 검토/수정하고 내부보고 후 최종 확정
1,채용,1.13,경력채용(재입사/팀장(1)),1.13.6,최종면접 (그룹회장님),,1.13.6.3,최종면접 진행,최종면접 진행 (지주HR임원이 서면보고로 갈음)
1,채용,1.13,경력채용(재입사/팀장(1)),1.13.6,최종면접 (그룹회장님),,1.13.6.4,최종면접 결과 공유,최종 면접결과 공유 (To 자회사HR)
1,채용,1.13,경력채용(재입사/팀장(1)),1.13.6,최종면접 (그룹회장님),,1.13.6.5,최종면접 결과 발표,재입사 후보자에게 결과 안내
1,채용,1.13,경력채용(재입사/팀장(1)),1.13.6,최종면접 (그룹회장님),,1.13.6.6,최종면접 운영 실적 정리,최종면접 운영 실적을 엑셀로 정리함
1,채용,1.13,경력채용(재입사/팀장(1)),1.13.7,채용 확정,공식 채용 확정을 위한 업무 일체,1.13.7.1,Offer PKG 발송,처우(안) 구두 협의 후 공식 Offer PKG(E-mail) 발송
1,채용,1.13,경력채용(재입사/팀장(1)),1.13.7,채용 확정,,1.13.7.2,Offer PKG 동의 메일 수신,지원자 공식 동의 득
1,채용,1.13,경력채용(재입사/팀장(1)),1.13.7,채용 확정,,1.13.7.3,입사 품의 상신,입사 품의 상신
1,채용,1.13,경력채용(재입사/팀장(1)),1.13.8,신규입사자 입사 준비,입사예정자의 입사 준비를 위한 일련의 업무,1.13.8.1,입사 안내,"최종 입사대상자 입사 관련 사전 안내 (일정, 방법 등)"
1,채용,1.13,경력채용(재입사/팀장(1)),1.13.8,신규입사자 입사 준비,,1.13.8.2,경력 입사 준비,"업무 집기(사원증, 노트북 등) 준비, 발령 준비를 위한 정보 요청 등 경력 입사자를 위한 입사 준비 일체"
1,채용,1.13,경력채용(재입사/팀장(1)),1.13.8,신규입사자 입사 준비,,1.13.8.3,계정 생성,입사예정자의 계정 생성
1,채용,1.13,경력채용(재입사/팀장(1)),1.13.8,신규입사자 입사 준비,,1.13.8.4,사원증 준비,취합된 증명사진을 유관 부서에 전달하여 공식 사원증 제작 요청
1,채용,1.13,경력채용(재입사/팀장(1)),1.13.8,신규입사자 입사 준비,,1.13.8.5,OA 준비,PC를 종류 별 수요 조사(설계 or 일반) 후 유관 부서에 수량 전달 및 배부 요청
1,채용,1.13,경력채용(재입사/팀장(1)),1.13.8,신규입사자 입사 준비,,1.13.8.6,payco 준비,근무 인원에 대한 payco 지급 요청 및 대상 안내
1,채용,1.13,경력채용(재입사/팀장(1)),1.13.8,신규입사자 입사 준비,,1.13.8.7,신규 입사자 입문교육 관련 유관부서 Co-work,경력사원 입문교육 담당부서에 필요 내용 공유
1,채용,1.13,경력채용(재입사/팀장(1)),1.13.8,신규입사자 입사 준비,,1.13.8.8,입사발령 데이터 입력 및 전송,입사예정자 정보를 인사시스템으로 전송하여 입사발령을 준비함
1,채용,1.13,경력채용(재입사/팀장(1)),1.13.8,신규입사자 입사 준비,,1.13.8.9,입사 발령 처리 ,입사예정자 입사 발령을 위해 필요한 사전 준비 일체와 품의/시스템 처리
1,채용,1.13,경력채용(재입사/팀장(1)),1.13.9,입사/발령,신규 입사자 입사 시 수행 업무,1.13.9.1,입사 서류 작성 및 제출,"근로계약서, 연봉계약서 등 입사 시 제출 필요한 서류 작성 및 제출"
1,채용,1.13,경력채용(재입사/팀장(1)),1.13.9,입사/발령,,1.13.9.2,인계,소속 조직으로 인계
1,채용,1.13,경력채용(재입사/팀장(1)),1.13.9,입사/발령,,1.13.9.3,입사 발령 게시,입사 발령 게시
1,채용,1.13,경력채용(재입사/팀장(1)),1.13.9,입사/발령,,1.13.9.4,입사자 개인정보 입력 및 제출서류 등록,입사자의 개인정보 및 제출서류 정보 등을 회사 인사관리시스템에 등록
1,채용,1.14,경력채용(재입사/팀장(2)),1.14.1,재입사 대상자 선정,"(재입사/팀장(2): 두산 팀장 경험 미보유)
재입사 대상자를 선정하는 업무",1.14.1.1,재입사 대상자 명단 작성,HR이 재입사 대상자를 선정함
1,채용,1.14,경력채용(재입사/팀장(2)),1.14.1,재입사 대상자 선정,,1.14.1.2,경력 등 본인 확인,"퇴직 후 경력사항 등을 포함하여 확인이 필요한 내용에 대해 확인 (전화, 이메일 등)"
1,채용,1.14,경력채용(재입사/팀장(2)),1.14.1,재입사 대상자 선정,,1.14.1.3,재입사 대상자 검토 및 보고,"담당부서와 협의하여 재입사 필요성과 적합성을 검토하여 내부 보고 진행
-팀장 역할 시, 평가결과 등 포함"
1,채용,1.14,경력채용(재입사/팀장(2)),1.14.1,재입사 대상자 선정,,1.14.1.4,지주 협의,내부 보고된 인원의 재입사 진행 가능 여부를 지주와 1차 협의함
1,채용,1.14,경력채용(재입사/팀장(2)),1.14.1,재입사 대상자 선정,,1.14.1.5,재입사 대상자 확정,채용 전형에 Input할 대상자를 확정함
1,채용,1.14,경력채용(재입사/팀장(2)),1.14.2,채용 공고,모집 공고문을 작성하고 채용 시스템에 해당 내용을 업데이트하는 업무,1.14.2.1,모집분야 JD 작성 요청,선발된 인원에 맞는 모집 분야 별 세부 JD 작성 요청
1,채용,1.14,경력채용(재입사/팀장(2)),1.14.2,채용 공고,,1.14.2.2,공고용 JD 작성,제출된 JD를 취합·검토하여 외부 공고용 JD로 수정함
1,채용,1.14,경력채용(재입사/팀장(2)),1.14.2,채용 공고,,1.14.2.3,커리어두산 공고 게시 준비,"채용 일정, 지원자격, JD 등을 모두 포함하여 공고 오픈을 위한 시스템 작업 수행 (오류 사전 확인 등)"
1,채용,1.14,경력채용(재입사/팀장(2)),1.14.2,채용 공고,,1.14.2.4,커리어두산 공고 오픈 (비공개),"회사 공식 채용 홈페이지에 채용 일정에 맞춰 기 작업한 채용 공고를 오픈하되, 정규직 전환 전형은 대부분 비공개로 오픈 진행"
1,채용,1.14,경력채용(재입사/팀장(2)),1.14.3,서류접수,,1.14.3.1,대상자 입사지원 안내,대상자에게 커리어두산 입사지원 안내 및 지원 현황 확인
1,채용,1.14,경력채용(재입사/팀장(2)),1.14.3,서류접수,,1.14.3.2,서류접수 마감,공지된 일정에 맞춰 서류접수 마감
1,채용,1.14,경력채용(재입사/팀장(2)),1.14.4,인성검사 (Hogan Test),"Hogan Test 전형준비/운영을 위한 업무 일체
(Hogan: 경력팀원의 DCAT 대체 개념)",1.14.4.1,Hogan Test 일정 협의 (지원자),서류전형 합격자와 Hogan Test 일정 협의
1,채용,1.14,경력채용(재입사/팀장(2)),1.14.4,인성검사 (Hogan Test),,1.14.4.2,Hogan Test 진행 요청,"Hogan Test 진행 업체(ORP)에 지원자와 협의된 일정 전달하고, 검사 진행을 요청"
1,채용,1.14,경력채용(재입사/팀장(2)),1.14.4,인성검사 (Hogan Test),,1.14.4.3,Hogan Test 일정 안내,업체와 협의된 최종 확정 일정 안내
1,채용,1.14,경력채용(재입사/팀장(2)),1.14.4,인성검사 (Hogan Test),,1.14.4.4,Hogan Test 진행,지원자가 업체 안내에 따라 Hogan Test 진행
1,채용,1.14,경력채용(재입사/팀장(2)),1.14.4,인성검사 (Hogan Test),,1.14.4.5,Hogan Test 결과 수신,"Hogan Test 종료 후, 업체를 통해 결과값 수신"
1,채용,1.14,경력채용(재입사/팀장(2)),1.14.4,인성검사 (Hogan Test),,1.14.4.6,Hogan Test 결과 시스템 등록,Raw Data 형태의 Hogan Test 결과(엑셀 등)를 채용시스템에 등록 (DCAT 결과지와 유사한 형태로의 출력 목적)
1,채용,1.14,경력채용(재입사/팀장(2)),1.14.4,인성검사 (Hogan Test),,1.14.4.7,Hogan Test 결과 리포트 출력,"회사 양식에 맞춘 결과 리포트 출력하여, 결과 값 확인 (특이사항 등)"
1,채용,1.14,경력채용(재입사/팀장(2)),1.14.4,인성검사 (Hogan Test),,1.14.4.8,Hogan Test 결과 보고,결과 보고(HR)
1,채용,1.14,경력채용(재입사/팀장(2)),1.14.4,인성검사 (Hogan Test),,1.14.4.9,(필요 시) 후속전형 진행 검토,후속전형 진행 여부 의사결정
1,채용,1.14,경력채용(재입사/팀장(2)),1.14.4,인성검사 (Hogan Test),,1.14.4.10,(필요 시) 결과 안내,"후속전형 미진행으로 의사결정 시, 전형 진행 불가(또는 인성검사 불합격) 안내"
1,채용,1.14,경력채용(재입사/팀장(2)),1.14.5,평판 조회(Reference Check),,1.14.5.1,R/C 진행 준비 및 요청,"R/C 전문업체에 R/C 대상 지원자 정보 전달 및 R/C 진행 요청 (R/C 운영 기준 등 포함)
- 필요 시, 특이사항(Hogan Test 결과) 검증 등 포함"
1,채용,1.14,경력채용(재입사/팀장(2)),1.14.5,평판 조회(Reference Check),,1.14.5.2,R/C 결과 수령 및 확인,업체가 제공한 R/C 결과(평판조회리포트) 확인
1,채용,1.14,경력채용(재입사/팀장(2)),1.14.5,평판 조회(Reference Check),,1.14.5.3,R/C 결과 보고,결과 보고(HR)
1,채용,1.14,경력채용(재입사/팀장(2)),1.14.5,평판 조회(Reference Check),,1.14.5.4,후속전형 진행 검토,후속전형 진행 여부 의사결정
1,채용,1.14,경력채용(재입사/팀장(2)),1.14.5,평판 조회(Reference Check),,1.14.5.5,후속면접 진행 여부 안내 (=결과 발표),결과 안내
1,채용,1.14,경력채용(재입사/팀장(2)),1.14.6,실무면접 (SI면접),실무면접(SI면접) 전형 준비/운영을 위한 업무 일체,1.14.6.1,SI면접 사전준비,"면접관/지원자 일정 확인, 장소 섭외 등 사전 준비 일체"
1,채용,1.14,경력채용(재입사/팀장(2)),1.14.6,실무면접 (SI면접),,1.14.6.2,면접 장소 준비,실제 장소 준비 관련 업무
1,채용,1.14,경력채용(재입사/팀장(2)),1.14.6,실무면접 (SI면접),,1.14.6.3,Assessor 선정 및 안내,Assessor 일정 공지 및 Block (Outlook)
1,채용,1.14,경력채용(재입사/팀장(2)),1.14.6,실무면접 (SI면접),,1.14.6.4,면접 환경 최종 점검,"면접 장소, 장비 등 현장 점검"
1,채용,1.14,경력채용(재입사/팀장(2)),1.14.6,실무면접 (SI면접),,1.14.6.5,실무면접 일정 안내(지원자),"지원자 별 실무면접 일정 및 제출 서류(예. 경력증명서, 처우 증빙)를 안내함"
1,채용,1.14,경력채용(재입사/팀장(2)),1.14.6,실무면접 (SI면접),,1.14.6.6,실무면접 시스템 세팅,대상자·면접관 매칭을 시스템에 셋팅·업로드함
1,채용,1.14,경력채용(재입사/팀장(2)),1.14.6,실무면접 (SI면접),,1.14.6.7,지원자 신원 확인 및 서류 징구,"지원자 도착 후 신원 확인, 대기 장소/동선/면접 운영 방식 등 안내"
1,채용,1.14,경력채용(재입사/팀장(2)),1.14.6,실무면접 (SI면접),,1.14.6.8,실무면접 진행,"실무면접을 진행하고, Asessor는 면접 평가 결과를 채용 시스템에 입력함"
1,채용,1.14,경력채용(재입사/팀장(2)),1.14.6,실무면접 (SI면접),,1.14.6.9,실무면접 결과 취합 및 Calibration,"Assessor 면접 평가 결과를 확인하고, 최종 Calibration을 진행함 (합불 논의와 후속 면접관에게 전달할 특이사항 정리 등)"
1,채용,1.14,경력채용(재입사/팀장(2)),1.14.6,실무면접 (SI면접),,1.14.6.10,실무면접 합격자 선정,실무면접 결과를 검토하여 각 자회사에서 실무면접 합격 여부를 확정함 (필요 시 보고포함)
1,채용,1.14,경력채용(재입사/팀장(2)),1.14.6,실무면접 (SI면접),,1.14.6.11,실무면접 전형  결과 발표 및 시스템 반영,실무면접 결과 발표 후 시스템에 반영
1,채용,1.14,경력채용(재입사/팀장(2)),1.14.7,임원 면접,"임원면접 단계 업무 일체(서면보고 대체 가능하며, 보고 대체 시, 후속 경영진면접 단계와 유사)",1.14.7.1,Assessor 일정 협의,임원/팀장 등 면접 Assessor 일정 협의
1,채용,1.14,경력채용(재입사/팀장(2)),1.14.7,임원 면접,,1.14.7.2,면접 일정 안내,면접대상자/Assessor에게 면접일정 등 안내
1,채용,1.14,경력채용(재입사/팀장(2)),1.14.7,임원 면접,,1.14.7.3,(필요 시) 면접 사전 보고,임원 면접 진행에 대한 사전 보고 실시
1,채용,1.14,경력채용(재입사/팀장(2)),1.14.7,임원 면접,,1.14.7.4,(필요 시) 임원 면접자료 작성,임원 면접을 위한 면접자료(각 사별 별도 양식) 작성 및 준비
1,채용,1.14,경력채용(재입사/팀장(2)),1.14.7,임원 면접,,1.14.7.5,임원 면접 운영,"임원 면접을 진행하고, 지원자에 대한 합/불 의사결정을 득함"
1,채용,1.14,경력채용(재입사/팀장(2)),1.14.7,임원 면접,,1.14.7.6,임원 면접 결과 발표,임원 면접 결과 발표
1,채용,1.14,경력채용(재입사/팀장(2)),1.14.8,처우/입사일정 협의,재입사자 입사 처우/일정 협의 관련 업무 일체,1.14.8.1,처우 검토,최종 입사대상자의 입사 처우를 산정 (제출 서류 요청 포함)
1,채용,1.14,경력채용(재입사/팀장(2)),1.14.8,처우/입사일정 협의,,1.14.8.2,처우 내부 보고 및 확정,실무자가 검토한 처우(안)을 내부 보고를 통해 1차 확정
1,채용,1.14,경력채용(재입사/팀장(2)),1.14.8,처우/입사일정 협의,,1.14.8.3,처우 및 입사일정 협의,"1차 확정된 처우(안)을 활용하여 지원자와 처우 협의 진행(불발 시, 재검토 과정은 앞 단계 업무로 포함)
"
1,채용,1.14,경력채용(재입사/팀장(2)),1.14.9,경영진 면접 (자회사 CEO면접),"재입사는 경력채용 경영진/최종면접 전형을 서면보고로 대체(대부분)함으로, 해당 보고 준비를 위한 업무 일체",1.14.9.1,재입사 보고자료 준비,자회사HR에서 재입사 보고자료를 작성함
1,채용,1.14,경력채용(재입사/팀장(2)),1.14.9,경영진 면접 (자회사 CEO면접),,1.14.9.2,재입사 보고 및 의사결정,재입사자에 대한 입사 사전 보고 및 의사결정
1,채용,1.14,경력채용(재입사/팀장(2)),1.14.9,경영진 면접 (자회사 CEO면접),,1.14.9.3,보고 결과 공유,자회사 CEO 의사결정 사항 공유 (유관부서)
1,채용,1.14,경력채용(재입사/팀장(2)),1.14.10,최종면접 (그룹회장님),"재입사는 경력채용 경영진/최종면접 전형을 서면보고로 대체(대부분)함으로, 해당 보고 준비를 위한 업무 일체",1.14.10.1,최종면접 면접자료 준비,자회사HR에서 재입사 보고자료(최종면접 면접자료)를 작성함
1,채용,1.14,경력채용(재입사/팀장(2)),1.14.10,최종면접 (그룹회장님),,1.14.10.2,최종면접 면접자료 검토,지주HR에서 자회사HR이 작성한 최종면접자료를 검토/수정하고 내부보고 후 최종 확정
1,채용,1.14,경력채용(재입사/팀장(2)),1.14.10,최종면접 (그룹회장님),,1.14.10.3,최종면접 진행,최종면접 진행 (지주HR임원이 서면보고로 갈음)
1,채용,1.14,경력채용(재입사/팀장(2)),1.14.10,최종면접 (그룹회장님),,1.14.10.4,최종면접 결과 공유,최종 면접결과 공유 (To 자회사HR)
1,채용,1.14,경력채용(재입사/팀장(2)),1.14.10,최종면접 (그룹회장님),,1.14.10.5,최종면접 결과 발표,재입사 후보자에게 결과 안내
1,채용,1.14,경력채용(재입사/팀장(2)),1.14.10,최종면접 (그룹회장님),,1.14.10.6,최종면접 운영 실적 정리,최종면접 운영 실적을 엑셀로 정리함
1,채용,1.14,경력채용(재입사/팀장(2)),1.14.11,채용 확정,공식 채용 확정을 위한 업무 일체,1.14.11.1,Offer PKG 발송,처우(안) 구두 협의 후 공식 Offer PKG(E-mail) 발송
1,채용,1.14,경력채용(재입사/팀장(2)),1.14.11,채용 확정,,1.14.11.2,Offer PKG 동의 메일 수신,지원자 공식 동의 득
1,채용,1.14,경력채용(재입사/팀장(2)),1.14.11,채용 확정,,1.14.11.3,입사 품의 상신,입사 품의 상신
1,채용,1.14,경력채용(재입사/팀장(2)),1.14.12,신규입사자 입사 준비,입사예정자의 입사 준비를 위한 일련의 업무,1.14.12.1,입사 안내,"최종 입사대상자 입사 관련 사전 안내 (일정, 방법 등)"
1,채용,1.14,경력채용(재입사/팀장(2)),1.14.12,신규입사자 입사 준비,,1.14.12.2,경력 입사 준비,"업무 집기(사원증, 노트북 등) 준비, 발령 준비를 위한 정보 요청 등 경력 입사자를 위한 입사 준비 일체"
1,채용,1.14,경력채용(재입사/팀장(2)),1.14.12,신규입사자 입사 준비,,1.14.12.3,계정 생성,입사예정자의 계정 생성
1,채용,1.14,경력채용(재입사/팀장(2)),1.14.12,신규입사자 입사 준비,,1.14.12.4,사원증 준비,취합된 증명사진을 유관 부서에 전달하여 공식 사원증 제작 요청
1,채용,1.14,경력채용(재입사/팀장(2)),1.14.12,신규입사자 입사 준비,,1.14.12.5,OA 준비,PC를 종류 별 수요 조사(설계 or 일반) 후 유관 부서에 수량 전달 및 배부 요청
1,채용,1.14,경력채용(재입사/팀장(2)),1.14.12,신규입사자 입사 준비,,1.14.12.6,payco 준비,근무 인원에 대한 payco 지급 요청 및 대상 안내
1,채용,1.14,경력채용(재입사/팀장(2)),1.14.12,신규입사자 입사 준비,,1.14.12.7,신규 입사자 입문교육 관련 유관부서 Co-work,경력사원 입문교육 담당부서에 필요 내용 공유
1,채용,1.14,경력채용(재입사/팀장(2)),1.14.12,신규입사자 입사 준비,,1.14.12.8,입사발령 데이터 입력 및 전송,입사예정자 정보를 인사시스템으로 전송하여 입사발령을 준비함
1,채용,1.14,경력채용(재입사/팀장(2)),1.14.12,신규입사자 입사 준비,,1.14.12.9,입사 발령 처리 ,입사예정자 입사 발령을 위해 필요한 사전 준비 일체와 품의/시스템 처리
1,채용,1.14,경력채용(재입사/팀장(2)),1.14.13,입사/발령,신규 입사자 입사 시 수행 업무,1.14.13.1,입사 서류 작성 및 제출,"근로계약서, 연봉계약서 등 입사 시 제출 필요한 서류 작성 및 제출"
1,채용,1.14,경력채용(재입사/팀장(2)),1.14.13,입사/발령,,1.14.13.2,인계,소속 조직으로 인계
1,채용,1.14,경력채용(재입사/팀장(2)),1.14.13,입사/발령,,1.14.13.3,입사 발령 게시,입사 발령 게시
1,채용,1.14,경력채용(재입사/팀장(2)),1.14.13,입사/발령,,1.14.13.4,입사자 개인정보 입력 및 제출서류 등록,입사자의 개인정보 및 제출서류 정보 등을 회사 인사관리시스템에 등록
1,채용,1.15,Global 채용,1.15.1,사전 준비,"Global Talent 채용 시, 채용 공고 전 준비해야 하는 기본 업무",1.15.1.1,Global Talent 채용 수요 조사 요청 발송,BG/BU HR(또는 현업 부서)에 채용 수요 및 사유를 요청함
1,채용,1.15,Global 채용,1.15.1,사전 준비,,1.15.1.2,Global Talent 채용 수요 데이터 취합 및 검토,제출된 채용 수요 자료를 모아 검토·분석함
1,채용,1.15,Global 채용,1.15.1,사전 준비,,1.15.1.3,Global Talent 채용 수요 매핑,"연간 인력계획, 연간 사업계획을 고려하여 우선순위를 도출함"
1,채용,1.15,Global 채용,1.15.1,사전 준비,,1.15.1.4,Global Talent 채용 수요 협의,"각 조직과 조정된 채용 수요(직무, 인원 등)를 최종 협의함"
1,채용,1.15,Global 채용,1.15.1,사전 준비,,1.15.1.5,Global Talent 채용 세부 계획 수립,"Global Talent 채용 시기, 인원, 방식, 홍보방안, 소요예산(견적 기반) 등 세부사항 계획 수립"
1,채용,1.15,Global 채용,1.15.1,사전 준비,,1.15.1.6,보고자료 작성,Global Talent 채용 세부사항을 포함한 보고자료 작성
1,채용,1.15,Global 채용,1.15.1,사전 준비,,1.15.1.7,경영진 보고 및 확정,최종 계획을 경영진에게 보고하고 확정함
1,채용,1.15,Global 채용,1.15.1,사전 준비,,1.15.1.8,예산 품의 상신,Global Talent 채용 소요 비용(예상)에 대한 사전 품의 상신
1,채용,1.15,Global 채용,1.15.2,채용 공고,모집 공고문을 작성하고 채용 시스템에 해당 내용을 업로드하는 업무(+협력업체 전달),1.15.2.1,모집분야 JD 작성 요청,BG/BU HR(또는 현업 부서)에 모집 분야 별 세부 JD 작성 요청
1,채용,1.15,Global 채용,1.15.2,채용 공고,,1.15.2.2,공고용 JD 작성,제출된 JD를 취합·검토하여 외부 공고용 JD로 수정함
1,채용,1.15,Global 채용,1.15.2,채용 공고,,1.15.2.3,DDI 사전 협의,"채용 일정, 서류 접수 기간 등에 대해 DDI 사전 협의 진행"
1,채용,1.15,Global 채용,1.15.2,채용 공고,,1.15.2.4,커리어두산 공고 게시 준비,"채용 일정, 지원자격, JD 등을 모두 포함하여 공고 오픈을 위한 시스템 작업 수행 (오류 사전 확인 등)"
1,채용,1.15,Global 채용,1.15.2,채용 공고,,1.15.2.5,커리어두산 공고 오픈,회사 공식 채용 홈페이지에 채용일정에 맞춰 기 작업한 채용 공고를 오픈
1,채용,1.15,Global 채용,1.15.2,채용 공고,,1.15.2.6,외부 업체 공고 전달/공유,외부 채용 포털에 채용 공고 오픈 사실을 전달·공유·업데이트함 (무료 채용공고게재 등)
1,채용,1.15,Global 채용,1.15.3,서류접수,서류접수 기간 중 발생하는 업무,1.15.3.1,서류 접수 오류 대응,전형 중 발생하는 입사지원서 제출 관련 오류 발생 대응 (w. DDI)
1,채용,1.15,Global 채용,1.15.3,서류접수,,1.15.3.2,서류 접수 현황 체크 및 보고,"지원 현황 확인 및 보고 (필요 시, 추가 홍보 방안 검토)"
1,채용,1.15,Global 채용,1.15.3,서류접수,,1.15.3.3,서류제출 독려 문자 발송,입사지원서 미제출(작성 중) 인원 대상 서류지원 마감 일정 안내 및 서류 제출 독려 문자를 발송함
1,채용,1.15,Global 채용,1.15.3,서류접수,,1.15.3.4,서류접수 마감,"공지된 일정에 맞춰 서류접수 마감 (w.DDI,지주)"
1,채용,1.15,Global 채용,1.15.4,서류전형 (Essay),"채용전형의 첫번째 단계로, 지원자에 대한 인적사항, 학력 등등 기본내역과 Essay, DBS 결과를 종합적으로 검토하여 서류결과(합/불)을 결정하는 업무",1.15.4.1,지원자 데이터 추출,전체 지원자 데이터 엑셀 추출 (이력서 기반 인사 정보 포함)
1,채용,1.15,Global 채용,1.15.4,서류전형 (Essay),,1.15.4.2,지원자 지원자격 검토,"내부 기준에 따라 지원자격 충족 여부를 검토하여, 기준 미달자 제외"
1,채용,1.15,Global 채용,1.15.4,서류전형 (Essay),,1.15.4.3,에세이 검토,"에세이 항목 등을 검토하여, 기준 미달자 제외"
1,채용,1.15,Global 채용,1.15.4,서류전형 (Essay),,1.15.4.4,서류 합격자 선정(1차) 및 보고,"입사지원서를 검토하여 지주부문에서 서류전형 합/불을 1차 선정하고, 내부 보고함"
1,채용,1.15,Global 채용,1.15.4,서류전형 (Essay),,1.15.4.5,중복 합격 검토,중복 합격 대상 등 검토 및 자회사 협의
1,채용,1.15,Global 채용,1.15.4,서류전형 (Essay),,1.15.4.6,서류전형 결과 사전보고,서류전형 결과에 대한 내부 보고를 진행함
1,채용,1.15,Global 채용,1.15.4,서류전형 (Essay),,1.15.4.7,서류전형 결과 확정 및 시스템 반영,"서류전형 결과를 채용 시스템에 반영하고, 결과 발표 준비(합/불 안내문 등)을 준비함"
1,채용,1.15,Global 채용,1.15.4,서류전형 (Essay),,1.15.4.8,서류전형 결과 발표,"채용 시스템, e-mail을 통해 서류전형 결과를 발표함"
1,채용,1.15,Global 채용,1.15.5,DCAT (인적성검사),,1.15.5.1,DCAT Case 선정,DCAT 응시자의 과거 응시이력 등을 고려하여 해당 채용 전형에서 사용할 Case를 선정함 (w. ACG)
1,채용,1.15,Global 채용,1.15.5,DCAT (인적성검사),,1.15.5.2,DCAT 운영 사전 준비,"DCAT 운영업체(ACG)와 DCAT 운영을 위한 협의 등을 진행함 (일정, 인원, 시스템 세팅 등)"
1,채용,1.15,Global 채용,1.15.5,DCAT (인적성검사),,1.15.5.3,DCAT 운영 상세계획 수립,"DCAT 일정/장소/방법 등을 최종 확정하고, 지원자 별 일정(차수)를 계획함"
1,채용,1.15,Global 채용,1.15.5,DCAT (인적성검사),,1.15.5.4,DCAT 일정 안내 (=서류 결과 발표 or 별도 안내),"지원자별 사전점검 및 DCAT 일정을 안내함(학/석사:ACG, 박사:자회사 진행)"
1,채용,1.15,Global 채용,1.15.5,DCAT (인적성검사),,1.15.5.5,DCAT 시스템 세팅,"채용 시스템에 DCAT 면접 운영을 위한 사전 세팅을 진행함(학/석사:ACG, 박사:자회사 진행)"
1,채용,1.15,Global 채용,1.15.5,DCAT (인적성검사),,1.15.5.6,DCAT 운영,"DCAT 면접 진행을 참관하고, 특이사항 발생 시 의사결정을 진행함(학/석사:ACG, 박사: 자회사 진행)"
1,채용,1.15,Global 채용,1.15.5,DCAT (인적성검사),,1.15.5.7,DCAT 점수 이관 및 Calibration,"DCAT 결과를 ACG로부터 이관받아, Calibration을 진행함"
1,채용,1.15,Global 채용,1.15.5,DCAT (인적성검사),,1.15.5.8,DCAT 합격자 선정(1차) 및 보고,"DCAT 결과를 검토하여 지주부문에서 DCAT 전형 합/불을 1차 선정하고, 내부 보고함"
1,채용,1.15,Global 채용,1.15.5,DCAT (인적성검사),,1.15.5.9,DCAT 전형 결과 사전 보고,DCAT 전형 결과에 대한 내부 보고를 진행함
1,채용,1.15,Global 채용,1.15.5,DCAT (인적성검사),,1.15.5.10,DCAT 전형 합격자 확정 및 시스템 반영,"DCAT 전형 결과를 채용 시스템에 반영하고, 결과 발표 준비(합/불 안내문 등)을 준비함"
1,채용,1.15,Global 채용,1.15.5,DCAT (인적성검사),,1.15.5.11,DCAT 전형 결과 발표,"채용 시스템, e-mail을 통해 DCAT 전형 결과를 발표함"
1,채용,1.15,Global 채용,1.15.6,실무면접,"채용 전형의 3번째 단계로, DCAT 합격자를 대상으로 실무면접 운영 준비를 하고, 실무면접 결과에 따라 해당 전형의 합격자를 선발하는 업무",1.15.6.1,실무면접 운영 사전 준비,"온라인 면접 진행 Tool(=Teams, Zoom 등 온라인 Tool), 중복 or 교차 면접 대상자 선별 등 제반 사항 준비"
1,채용,1.15,Global 채용,1.15.6,실무면접,,1.15.6.2,실무면접 운영 상세계획 수립,"지원자/면접관(=Assessor) 별 일정, 지원자 별 전문성 PT 주제 등 세부 사항을 계획함"
1,채용,1.15,Global 채용,1.15.6,실무면접,,1.15.6.3,실무면접 일정 안내(=DCAT 결과 발표 or 별도 안내),지원자 별 실무면접 일정 및 제출 서류를 안내함
1,채용,1.15,Global 채용,1.15.6,실무면접,,1.15.6.4,Assessor 사전 교육 준비/실행,"면접에 참여하는 Assessor 전원(SI, 전문성)을 대상으로 채용 소개 및 유의사항 등 교육 진행"
1,채용,1.15,Global 채용,1.15.6,실무면접,,1.15.6.5,실무면접 시스템 세팅,대상자·면접관 매칭을 시스템에 셋팅·업로드함
1,채용,1.15,Global 채용,1.15.6,실무면접,,1.15.6.6,실무면접 진행,"실무면접을 진행하고, Asessor는 면접 평가 결과를 채용 시스템에 입력함"
1,채용,1.15,Global 채용,1.15.6,실무면접,,1.15.6.7,실무면접 결과 취합 및 Calibration,"Assessor 면접 평가 결과를 확인하고, 최종 Calibration을 진행함"
1,채용,1.15,Global 채용,1.15.6,실무면접,,1.15.6.8,학력사항 등 검증 진행,전문 기관에 제출 서류 검증 요청 또는 자체 검증 (최종면접 합격자 제출서류(대학교 졸업(예정) 증명서 등) 등)
1,채용,1.15,Global 채용,1.15.6,실무면접,,1.15.6.9,학력사항 등 검증 결과 확인,검증 결과 확인
1,채용,1.15,Global 채용,1.15.6,실무면접,,1.15.6.10,실무면접 합격자 선정(1차) 및 보고,"실무면접 결과를 검토하여 각 자회사에서 실무면접 전형 합/불을 1차 선정하고, 내부 보고함"
1,채용,1.15,Global 채용,1.15.6,실무면접,,1.15.6.11,실무면접 합격자 협의 (W.지주),실무면접 전형 합격자에 대해 지주와 협의하여 최종 합/불을 확정함
1,채용,1.15,Global 채용,1.15.6,실무면접,,1.15.6.12,실무면접 전형 결과 사전 보고,실무면접 전형 결과에 대한 내부 보고를 진행함
1,채용,1.15,Global 채용,1.15.6,실무면접,,1.15.6.13,실무면접 합격자 확정 및 시스템 반영,"실무면접 전형 결과를 채용 시스템에 반영하고, 결과 발표 준비(합/불 안내문 등)을 준비함"
1,채용,1.15,Global 채용,1.15.6,실무면접,,1.15.6.14,실무면접 결과 발표,"채용 시스템, e-mail을 통해 실무면접 전형 결과를 발표함"
1,채용,1.15,Global 채용,1.15.6,실무면접,,1.15.6.15,실무면접 Retention,"Caring (카카오톡, 전화, 이메일)"
1,채용,1.15,Global 채용,1.15.7,경영진 면접,경영진 면접 전형 준비/운영을 위한 업무 일체,1.15.7.1,경영진면접 운영 계획 수립,면접관(자회사 CEO) 및 배석자(CHRO 등) 일정 등을 고려한 면접 일정/장소 Arrange
1,채용,1.15,Global 채용,1.15.7,경영진 면접,,1.15.7.2,경영진면접 일정안내 (=실무면접 결과 발표 or 별도 안내),지원자 별 경영진면접 일정 및 제출 서류(필요 시)를 안내함
1,채용,1.15,Global 채용,1.15.7,경영진 면접,,1.15.7.3,경영진면접 면접자료 준비,"자회사HR에서 경영진면접 면접자료(입사지원서,보고자료)를 작성함"
1,채용,1.15,Global 채용,1.15.7,경영진 면접,,1.15.7.4,경영진면접 진행,경영진면접 진행
1,채용,1.15,Global 채용,1.15.7,경영진 면접,,1.15.7.5,경영진면접 결과시스템 반영,"경영진면접 전형 결과를 채용시스템에 반영하고, 결과 발표(합/불 안내문 등)를 준비함"
1,채용,1.15,Global 채용,1.15.7,경영진 면접,,1.15.7.6,경영진면접 결과 발표,"채용 시스템, e-mail을 통해 경영진면접 전형 결과를 발표함"
1,채용,1.15,Global 채용,1.15.7,경영진 면접,,1.15.7.7,경영진 면접 Retention,"Caring (카카오톡, 전화, 이메일)"
1,채용,1.15,Global 채용,1.15.8,최종면접 (그룹회장님),실무면접 합격자를 대상으로 최종면접을 실시하기 위한 사전준비 및 면접 운영 업무,1.15.8.1,최종면접 운영 계획 수립,면접관(그룹회장님) 및 배석자(자회사CEO) 일정 등을 고려한 면접 일정/장소 Arr.(w.지주HR)
1,채용,1.15,Global 채용,1.15.8,최종면접 (그룹회장님),,1.15.8.2,최종면접 일정 안내 (=실무면접(or 인턴십) 결과 발표,지원자 별 최종면접 일정 및 제출 서류(필요 시)를 안내함
1,채용,1.15,Global 채용,1.15.8,최종면접 (그룹회장님),,1.15.8.3,최종면접 면접자료 준비,"자회사HR에서 최종면접 면접자료(입사지원서, 보고자료)를 작성함"
1,채용,1.15,Global 채용,1.15.8,최종면접 (그룹회장님),,1.15.8.4,최종면접 면접자료 검토,지주HR에서 자회사HR이 작성한 최종면접자료를 검토/수정하고 내부보고 후 최종 확정
1,채용,1.15,Global 채용,1.15.8,최종면접 (그룹회장님),,1.15.8.5,최종면접 진행,최종면접 진행 (축하 PKG 주소 확인 등 당일 세부 Activity 일괄 포함)
1,채용,1.15,Global 채용,1.15.8,최종면접 (그룹회장님),,1.15.8.6,최종면접 결과 공유,"최종 면접결과 공유 (To 자회사HR, 축하PKG 발송 업체 등 업무 유관 부서)"
1,채용,1.15,Global 채용,1.15.8,최종면접 (그룹회장님),,1.15.8.7,최종면접 결과 시스템 반영,최종면접 전형 결
1,채용,1.15,Global 채용,1.15.8,최종면접 (그룹회장님),,1.15.8.8,최종면접 결과 발표,"채용 시스템, e-mail을 통해 최종면접 전형 결과를 발표함"
1,채용,1.15,Global 채용,1.15.8,최종면접 (그룹회장님),,1.15.8.9,최종면접 질문 취합 요청 발송,자회사HR에 지원자 별 최종면접 질문 공유를 요청
1,채용,1.15,Global 채용,1.15.8,최종면접 (그룹회장님),,1.15.8.10,최종면접 질문 취합 및 정리,제출된 면접질문을 취합/정리함
1,채용,1.15,Global 채용,1.15.8,최종면접 (그룹회장님),,1.15.8.11,최종면접 운영 실적 정리,자회사 HR에 지원자 별 최종면접 질문 공유를 요청
1,채용,1.15,Global 채용,1.15.9,후속 업무,최종면접 합격자를 대상으로 입사 확정 전 진행해야 하는 후속업무(채용검진 등)을 진행하는 업무,1.15.9.1,축하 PKG 발송 신청,최종면접 합격자 대상 축하 PKG(꽃바구니 등) 발송 신청
1,채용,1.15,Global 채용,1.15.9,후속 업무,,1.15.9.2,채용검진(+신원조회 등) 진행 안내(=최종면접 결과 발표 or 별도 안내),"최종면접 합격자 대상 채용 검진 진행 관련 안내 (검진기관, 검진 기간 등)"
1,채용,1.15,Global 채용,1.15.9,후속 업무,,1.15.9.3,채용검진 진행,채용검진 진행 요청 및 검진 진행상황 모니터링 (검진 기관 커뮤니케이션 포함)
1,채용,1.15,Global 채용,1.15.9,후속 업무,,1.15.9.4,채용검진 결과확인,채용검진 결과 취합 및 결과 확인
1,채용,1.15,Global 채용,1.15.9,후속 업무,,1.15.9.5,신원조회 진행,신원 조회 요청 및 진행상황 모니터링 (담당자 커뮤니케이션 포함)
1,채용,1.15,Global 채용,1.15.9,후속 업무,,1.15.9.6,신원조회 결과 확인,신원조회 결과 취합 및 결과 확인
1,채용,1.15,Global 채용,1.15.9,후속 업무,,1.15.9.7,특이사항 검토,"채용검진/신원조회/기타 검증사항 등에서 특이사항 확인 시, 후속 검토 진행"
1,채용,1.15,Global 채용,1.15.9,후속 업무,,1.15.9.8,최종 입사대상자 선정,채용검진/신원조회 등 결과를 고려하여 최종 입사대상자 확정
1,채용,1.15,Global 채용,1.15.9,후속 업무,,1.15.9.9,소요비용 품의 상신 및 정산,신입 채용 시 소요된 외부 비용 정산 처리
1,채용,1.15,Global 채용,1.15.10,처우/입사일정 협의,합격자에게 급여·복리후생 등 처우 조건을 안내하고 협의하는 단계,1.15.10.1,처우 검토,최종 입사자의 입사 처우를 산정 (제출 서류 요청 포함)
1,채용,1.15,Global 채용,1.15.10,처우/입사일정 협의,,1.15.10.2,처우 내부 보고 및 확정,실무자가 검토한 처우(안)을 내부 보고를 통해 1차 확정
1,채용,1.15,Global 채용,1.15.10,처우/입사일정 협의,,1.15.10.3,처우 및 입사일정 협의,"1차 확정된 처우(안)을 활용하여 지원자와 처우 협의 진행(불발 시, 재검토 과정은 앞 단계 업무로 포함)
"
1,채용,1.15,Global 채용,1.15.11,채용 확정,공식 채용 확정을 위한 업무 일체,1.15.11.1,Offer PKG 발송,처우(안) 구두 협의 후 공식 Offer PKG(E-mail) 발송
1,채용,1.15,Global 채용,1.15.11,채용 확정,,1.15.11.2,Offer PKG 동의 메일 수신,지원자 공식 동의 득
1,채용,1.15,Global 채용,1.15.12,신규입사자 입사 준비,입사예정자의 입사 준비를 위한 일련의 업무,1.15.12.1,Global Talent 배치부서 선정,"Global Talent가 배치될 부서를 유관부서와 협의하여 최종 확정하고, 유관부서에 공유"
1,채용,1.15,Global 채용,1.15.12,신규입사자 입사 준비,,1.15.12.2,입사 안내,"최종 입사대상자 입사 관련 사전 안내 (일정, 방법 등)"
1,채용,1.15,Global 채용,1.15.12,신규입사자 입사 준비,,1.15.12.3,계정 생성,입사예정자의 계정 생성
1,채용,1.15,Global 채용,1.15.12,신규입사자 입사 준비,,1.15.12.4,사원증 준비,취합된 증명사진을 유관 부서에 전달하여 공식 사원증 제작 요청
1,채용,1.15,Global 채용,1.15.12,신규입사자 입사 준비,,1.15.12.5,OA 준비,PC를 종류 별 수요 조사(설계 or 일반) 후 유관 부서에 수량 전달 및 배부 요청
1,채용,1.15,Global 채용,1.15.12,신규입사자 입사 준비,,1.15.12.6,payco 준비,근무 인원에 대한 payco 지급 요청 및 대상 안내
1,채용,1.15,Global 채용,1.15.12,신규입사자 입사 준비,,1.15.12.7,입문교육 관련 유관부서 Co-work,입문교육 담당부서에 필요 내용 공유
1,채용,1.15,Global 채용,1.15.12,신규입사자 입사 준비,,1.15.12.8,입사발령 데이터 입력 및 전송,입사예정자 정보를 인사시스템으로 전송하여 입사발령을 준비함
1,채용,1.15,Global 채용,1.15.12,신규입사자 입사 준비,,1.15.12.9,입사 발령 처리 ,입사예정자 입사 발령을 위해 필요한 사전 준비 일체와 품의/시스템 처리
1,채용,1.15,Global 채용,1.15.13,입사/발령,신규 입사자 입사 시 수행 업무,1.15.13.1,입사 서류 작성 및 제출,"수습 근로계약서, 연봉계약서 등 입사 시 제출 필요한 서류 작성 및 제출"
1,채용,1.15,Global 채용,1.15.13,입사/발령,,1.15.13.2,인계,소속 조직으로 인계
1,채용,1.15,Global 채용,1.15.13,입사/발령,,1.15.13.3,입사 발령 게시,입사 발령 게시
1,채용,1.15,Global 채용,1.15.13,입사/발령,,1.15.13.4,입사자 개인정보 입력 및 제출서류 등록,입사자의 개인정보 및 제출서류 정보 등을 회사 인사관리시스템에 등록
1,채용,1.15,Global 채용,1.15.13,입사/발령,,1.15.13.5,입사 결과 시스템 반영,입사 결과를 채용 시스템에 반영
1,채용,1.15,Global 채용,1.15.14,기타,채용 과정에서 발생하는 etc성 업무,1.15.14.1,소요비품 품의 상신 및 정산,"입사 확인 후 정산이 필요한 사항(S/F 수수료, 내부 추천 베네핏 등) 정산 처리"
1,채용,1.16,임원채용,1.16.1,인력충원 요청,임원급 인력 충원 필요성을 검토하고 최고경영진 승인 절차를 거치는 업무,1.16.1.1,인력충원 Needs 확인,"경영진, 조직장, 현업에서 임원급 인력 충원을 요청하거나 임원급 인력을 추천함. HR에서 임원 채용 필요성을 선제적으로 검토하여 경영진/현업에 제안하는 경우도 있음"
1,채용,1.16,임원채용,1.16.1,인력충원 요청,,1.16.1.2,임원 채용 최초 검토,"임원 필요성 중점 검토 (Needs에 기반하여 조직적/사업적 필요성, 리더 필요성, 회사 역량 강화, 신기술/외부 Trend, 타사 유사 인력 채용 성공 사례 등), 임원 활용 방안 검토(임원 조직 구성을 고려한 조직 개편 Image, R&R, 향후 Career 등), 임원 Requirement 검토, 내부 인력 활용 가능성, 외부 시장 예상 Pool 검토"
1,채용,1.16,임원채용,1.16.1,인력충원 요청,,1.16.1.3,내부 보고자료 작성,"보고 자료 작성(상기 채용 최초 검토와 병행 진행), 보고 단계 별 Feedback 사항 추가 검토 및 보고 자료 반영"
1,채용,1.16,임원채용,1.16.1,인력충원 요청,,1.16.1.4,임원 채용 최초 검토 보고,"임원 채용 관련 보고 진행(승인 시 채용 업무 후속 진행, 미승인 시 검토 단계로 회귀)"
1,채용,1.16,임원채용,1.16.2,모집,임원급 인재 확보를 위해 외부 서치펌 및 네트워크를 활용하는 업무,1.16.2.1,JD 작성,채용 Position의 조직장/상위 리더와 협의 및 보고 시 승인 받은 내용을 반영하여 상세 JD 작성 (서치펌/Network 통해 확보한 JD Sample 참고 및 채용 Target Pool 고려하여 JD 작성)
1,채용,1.16,임원채용,1.16.2,모집,,1.16.2.2,서치펌 확보 및 계약,"계약되어 있는 서치펌을 활용하거나 추가 서치펌을 발굴, 평가하여 계약 체결"
1,채용,1.16,임원채용,1.16.2,모집,,1.16.2.3,서치펌 의뢰,HR이 외부 서치펌에 JD 및 기타 회사 Needs 사항 전달하여 임원 채용 Pool에 대한 인력 서칭 의뢰
1,채용,1.16,임원채용,1.16.2,모집,,1.16.2.4,네트워크 리크루팅,"경영진, 조직장, HR 등 활용 가능 Network을 통해 후보자 발굴 (서치펌 의뢰와 동시 진행)"
1,채용,1.16,임원채용,1.16.2,모집,,1.16.2.5,후보자 서류 접수,"여러 채용 채널(서치펌, 임직원 추천 등)을 통해 지원자 서류를 접수함"
1,채용,1.16,임원채용,1.16.3,선발(서류전형),서류전형 결과 검토를 위한 업무 일체,1.16.3.1,이력서 검토,"(HR임원/HR팀장/HR실무자, 필요시 조직장/상위 리더 검토 의견 반영) 이력서 기반으로 회사가 필요로 하는 경험과 역량을 보유하고 있는지 검토하고, 이직 동기 및 개인 이슈 여부 추정, 확인이 필요한 사항 체크"
1,채용,1.16,임원채용,1.16.3,선발(서류전형),,1.16.3.2,서류 합격자 선정 및 보고,HR 내부 보고를 통해 서류 합격자 선정
1,채용,1.16,임원채용,1.16.3,선발(서류전형),,1.16.3.3,후속전형 일정 논의,임원 후보자에 대한 후속전형(인터뷰 등) Process와 입사 Target 일정 등 논의
1,채용,1.16,임원채용,1.16.3,선발(서류전형),,1.16.3.4,서류전형 결과 발표,지원자(or 서치펌 or 추천인)에게 서류 결과를 안내함
1,채용,1.16,임원채용,1.16.3,선발(서류전형),,1.16.3.5,후속전형 일정 안내,"합격자와 인터뷰 일정 등을 논의 후 안내 (이때, 회사/채용 포지션/수행 업무에 대한 안내, 후속 전형(예. 전문성 면접 등)에 대한 방식 협의, 지원자 현재 Status에 대한 확인 등 전형 진행에 필요한 다양한 내용을 확인하는 업무 일체를 포함"
1,채용,1.16,임원채용,1.16.4,선발 (전문성 면접),전문성 면접(채용 직무에 적합한 경험과 역량 보유 여부) 전형 준비/운영을 위한 업무 일체,1.16.4.1,전문성 면접,임언후보자의 전문성 검증 가능한 임원/팀장(면접관)을 통해 전문성 확인 면접 실시
1,채용,1.16,임원채용,1.16.4,선발 (전문성 면접),,1.16.4.2,전문성 역량 평가 및 합격 여부 논의,전문성 면접 내용을 바탕으로 합/불 여부에 대한 논의 및 의사결정 진행
1,채용,1.16,임원채용,1.16.4,선발 (전문성 면접),,1.16.4.3,전문성 면접 결과 발표,지원자(or 서치펌 or 추천인)에게 전문성 면접 결과를 안내함
1,채용,1.16,임원채용,1.16.5,선발(인성검사),인성검사(두산 Fit 여부 검증) 준비/운영을 위한 업무 일체,1.16.5.1,인성검사 일정 협의 및 안내,전문성 면접 합격자와 협의하여 인성검사 일정 논의 후 안내
1,채용,1.16,임원채용,1.16.5,선발(인성검사),,1.16.5.2,인성검사 준비,업체에 임원 인성 검사(Hogan Test) 진행 요청
1,채용,1.16,임원채용,1.16.5,선발(인성검사),,1.16.5.3,인성검사 데이터 시스템 등록 및 결과 확인,인성검사 결과 데이터를 채용 시스템에 반영하여 Report를 추출하여 결과 확인
1,채용,1.16,임원채용,1.16.6,선발(R/C),R/C(평판 및 업무스타일 등) 준비/운영을 위한 업무 일체,1.16.6.1,Reference Check 준비 및 요청,R/C 전문 업체에 지원자 평판 조회 요청(특이사항 추가 검토 포함)
1,채용,1.16,임원채용,1.16.6,선발(R/C),,1.16.6.2,Reference Check 결과 확인,R/C 결과 확인
1,채용,1.16,임원채용,1.16.7,중간 평가(1차),인성검사(두산 Fit 여부 검증 심화) 준비/운영을 위한 업무 일체,1.16.7.1,후속면접 진행 여부 검토,"전문성 면접, 인성 검사, R/C 결과 등을 고려하여 후속면접 진행 여부를 검토"
1,채용,1.16,임원채용,1.16.7,중간 평가(1차),,1.16.7.2,후속면접 진행 여부 안내 (=결과 발표),결과 안내
1,채용,1.16,임원채용,1.16.8,선발(SI면접),,1.16.8.1,SI면접 사전준비,"지원자/면접관 일정 확인, 장소 섭외 등 사전 준비 일체"
1,채용,1.16,임원채용,1.16.8,선발(SI면접),,1.16.8.2,SI면접 사전보고,"(To HR 임원) 지원자 처우 관련 사전 보고 진행(현재 처우수준(+복리후생), 희망 처우수준 등 포함)"
1,채용,1.16,임원채용,1.16.8,선발(SI면접),,1.16.8.3,SI면접 진행,HR 임원/팀장이 SI면접관으로 참석하여 면접 진행(Hogan Test 및 R/C 특이사항 추가 검증 포함)
1,채용,1.16,임원채용,1.16.9,중간 평가(2차),임원급 후보자의 채용 여부를 결정하는 의사결정 지원에 필요한 업무 일체,1.16.9.1,지원자 활용 방안 및 처우(안) 검토,"지원자 활용 방안(임원 조직 개편, 직책, 직위 R&R, 향후 커리어 등) 및 처우안 검토"
1,채용,1.16,임원채용,1.16.9,중간 평가(2차),,1.16.9.2,면접 결과 내부 보고,"(To BG장/본부장) (전문성, Hogan Test, R/C, SI) 면접결과 종합, 향후 활용방안, 처우안 보고"
1,채용,1.16,임원채용,1.16.9,중간 평가(2차),,1.16.9.3,후속 전형 진행 여부 안내 (=결과 발표),결과 안내
1,채용,1.16,임원채용,1.16.10,선발(임원면접),임원면접 준비/운영을 위한 업무 일체,1.16.10.1,임원면접 사전준비,"지원자/면접관 일정 확인, 장소 섭외 등 사전 준비 일체"
1,채용,1.16,임원채용,1.16.10,선발(임원면접),,1.16.10.2,임원면접 진행,채용 예정 Position의 조직장/상위자(BG장/본부장) 면접 실시 (직무전문성 및 전반적 인성 검증)
1,채용,1.16,임원채용,1.16.10,선발(임원면접),,1.16.10.3,합격 여부 논의,"면접 결과, 입사 후 활용 방안, 처우안 등을 고려하여 합/불 여부에 대한 논의 및 의사결정 진행"
1,채용,1.16,임원채용,1.16.11,최종면접 (그룹회장님),최종면접 전형 준비/운영을 위한 업무 일체,1.16.11.1,면접 사전 보고,"(To 경영진) 임원 채용 후보자에 대한 사전 보고 진행(면접 결과 종합, 활용 방안, 처우안 등)"
1,채용,1.16,임원채용,1.16.11,최종면접 (그룹회장님),,1.16.11.2,최종면접 사전준비,면접관 일정 Arr 등 사전 준비 일체
1,채용,1.16,임원채용,1.16.11,최종면접 (그룹회장님),,1.16.11.3,최종면접 일정 안내,최종면접 일정 등 본인안내
1,채용,1.16,임원채용,1.16.11,최종면접 (그룹회장님),,1.16.11.4,최종면접 면접자료 준비,최종면접 면접자료(보고자료 등)를 작성함
1,채용,1.16,임원채용,1.16.11,최종면접 (그룹회장님),,1.16.11.5,최종면접 진행,최종면접 진행
1,채용,1.16,임원채용,1.16.11,최종면접 (그룹회장님),,1.16.11.6,최종면접 결과 공유,최종 면접결과 공유
1,채용,1.16,임원채용,1.16.11,최종면접 (그룹회장님),,1.16.11.7,최종면접 결과 발표,
1,채용,1.16,임원채용,1.16.12,처우/입사일정 협의,합격자에게 급여·복리후생 등 처우 조건을 안내하고 협의하는 단계,1.16.12.1,처우 및 입사일정 협의,"Top Team 보고 완료된 처우(안)을 활용하여 지원자와 처우/입사일정 협의 진행(불발 시, 재검토 과정 업무 포함)"
1,채용,1.16,임원채용,1.16.12,처우/입사일정 협의,,1.16.12.2,입사 최종보고,"Top Team에 최종 보고 (협의된 처우안, 임원 조직개편, 직책, Title 포함)"
1,채용,1.16,임원채용,1.16.13,채용 확정,공식 채용 확정을 위한 업무 일체,1.16.13.1,Offer PKG 발송,공식 Offer PKG 발송
1,채용,1.16,임원채용,1.16.13,채용 확정,,1.16.13.2,Offer PKG 동의 수령,지원자 공식 동의 득
1,채용,1.16,임원채용,1.16.13,채용 확정,,1.16.13.3,이사회 승인절차 준비,(사장급 이상시) 이사회 승인 절차 사전 준비
1,채용,1.16,임원채용,1.16.13,채용 확정,,1.16.13.4,이사회 진행,(사장급 이상시) 이사회 를 통해 채용 승인 득
1,채용,1.16,임원채용,1.16.13,채용 확정,,1.16.13.5,입사 품의 상신,입사 품의 상신
1,채용,1.16,임원채용,1.16.14,임원 입사 준비,임원 입사 준비를 위한 일련의 업무,1.16.14.1,입사 안내,본인에게 입사 관련 안내
1,채용,1.16,임원채용,1.16.14,임원 입사 준비,,1.16.14.2,임원 입사 준비,"근무환경(집무실,비서,차량 등)과 업무 집기(사원증, 노트북 등) 준비, 발령 준비를 위한 정보 요청 등 임원 입사 준비 일체"
1,채용,1.16,임원채용,1.16.14,임원 입사 준비,,1.16.14.3,임원 입사 유관부서 Co-work,유관부서에 필요 내용 공유
1,채용,1.16,임원채용,1.16.14,임원 입사 준비,,1.16.14.4,입사발령 데이터 입력 및 전송,입사예정자 정보를 인사시스템으로 전송하여 입사발령을 준비함
1,채용,1.16,임원채용,1.16.14,임원 입사 준비,,1.16.14.5,입사 발령 처리 ,입사예정자 입사 발령을 위해 필요한 사전 준비 일체와 품의/시스템 처리
1,채용,1.16,임원채용,1.16.15,입사/발령,입사 처리를 위한 유관 업무,1.16.15.1,입사 서류 작성 및 제출,"근로계약서, 연봉계약서 등 입사 시 제출 필요한 서류 작성 및 제출"
1,채용,1.16,임원채용,1.16.15,입사/발령,,1.16.15.2,인계,소속 조직으로 인계
1,채용,1.16,임원채용,1.16.15,입사/발령,,1.16.15.3,발령 게시,입사일에 임원 인사발령 게시
1,채용,1.16,임원채용,1.16.15,입사/발령,,1.16.15.4,입사자 개인정보 입력 및 제출서류 등록,입사자의 개인정보 및 제출서류 정보 등을 회사 인사관리시스템에 등록
1,채용,1.16,임원채용,1.16.15,입사/발령,,1.16.15.5,입사 결과 시스템 반영,입사 결과를 채용 시스템에 반영
1,채용,1.16,임원채용,1.16.16,기타,,1.16.16.1,소요비용 품의 상신 및 정산,"입사 확인 후 정산이 필요한 사항(S/F 수수료, 내부 추천 베네핏 등) 정산 처리"
1,채용,1.17,내부채용 (Internal Job Posting),1.17.1,인력충원 요청,현업 부서가 인력 필요를 제기하면 HR이 요청을 접수·검토하여 충원 필요성을 확인하고 승인 절차를 진행하는 단계,1.17.1.1,내부인력충원 요청,현업 부서에서 내부인력충원 필요 시 현업 부서장이 Job Description을 작성하여 HR담당자에게 전달함
1,채용,1.17,내부채용 (Internal Job Posting),1.17.1,인력충원 요청,,1.17.1.2,요청 검토 및 채용방식,"HR에서 채용 계획, 직무, 결원 등을 종합검토하여 Internal Job Posting 또는 신규채용 방식을 확정함"
1,채용,1.17,내부채용 (Internal Job Posting),1.17.2,사내 채용공고,"승인된 충원 요청에 따라 Internal Job Posting을 작성·게시하고 지원자를 모집하며, 지원 접수와 관리가 이루어지는 단계",1.17.2.1,모집공고 게시,"Internal Job Posting 방식 확정 시, HR담당자가 그룹 HR 시스템에 공고를 게시함. 지원은 사내계정으로 로그인 시만 가능함"
1,채용,1.17,내부채용 (Internal Job Posting),1.17.2,사내 채용공고,,1.17.2.2,채용 지원,지원자는 IJP 시스템 내 공고를 확인하고 내부채용에 지원함
1,채용,1.17,내부채용 (Internal Job Posting),1.17.2,사내 채용공고,,1.17.2.3,지원 확인,"HR 담당자는 블라인드 지원서를 확인 및 공유하고, 현업 부서장에게 인력 Screening을 요청함"
1,채용,1.17,내부채용 (Internal Job Posting),1.17.3,선발,"지원자를 대상으로 서류·면접 등 다양한 전형을 실시하고, 결과를 반영하여 최종 합격자를 결정하는 단계",1.17.3.1,블라인드 서류전형 실시,"현업 부서장이 블라인드 지원서 1차 Screening 진행 후, HR 담당자에게 합/불 공유함"
1,채용,1.17,내부채용 (Internal Job Posting),1.17.3,선발,,1.17.3.1,블라인드 서류전형 실시,HR 담당자가 IJP 시스템을 통해 서류전형 합/불 처리 진행(합격자에게 블라인드 리포트 해제 요청 자동 발송)
1,채용,1.17,내부채용 (Internal Job Posting),1.17.3,선발,,1.17.3.1,블라인드 서류전형 실시,"합격자가 블라인드 리포트 해제 동의/미동의 선택, 동의시 블라인드 리포트 해제"
1,채용,1.17,내부채용 (Internal Job Posting),1.17.3,선발,,1.17.3.2,면접 실시,블라인드 해제된 리포트에서 상세 신상정보 확인 후 면접 일정 Arrange 및 면접 안내
1,채용,1.17,내부채용 (Internal Job Posting),1.17.3,선발,,1.17.3.2,면접 실시,현업 부서장 등이 면접을 진행함
1,채용,1.17,내부채용 (Internal Job Posting),1.17.3,선발,,1.17.3.3,면접 합격자 선정,"지원자들의 자격, 면접 결과를 종합검토 후 면접 합/불을 공유함"
1,채용,1.17,내부채용 (Internal Job Posting),1.17.3,선발,,1.17.3.4,면접 불합격자 통보,(불합격자) 지주 HR에서 Letter 이미지 작업 하여 별도 메일(ijp.helpdesk)계정에서 메일 발송
1,채용,1.17,내부채용 (Internal Job Posting),1.17.3,선발,,1.17.3.5,CEO 보고 및 확정,"(합격자) 각 사 CEO 보고 진행(필요시, Reference Check, 인사 Profile 및 처우 지주 HR에서 제공)"
1,채용,1.17,내부채용 (Internal Job Posting),1.17.3,선발,,1.17.3.6,최종합격자 발표,자회사 HR에서 지주 HR로 최종 합/불 통보 요청
1,채용,1.17,내부채용 (Internal Job Posting),1.17.3,선발,,1.17.3.7,최종 합격자/불합격자 통보,지주 HR에서 Letter 이미지 작업하여 별도 메일(ijp.helpesk)계정에서 메일 발송(담당자 및 현 소속/이동 소속 HR)
1,채용,1.17,내부채용 (Internal Job Posting),1.17.4,배치,최종 합격자를 인력충원 요청 부서에 배치하여 근무를 시작하도록 하는 단계,1.17.4.1,이동 협의,지원자의 기존 현 소속 HR과 이동 소속 HR간 이동 일정 협의 진행(이동 기준: 합격 통지일로부터 2개월 내)
1,채용,1.17,내부채용 (Internal Job Posting),1.17.4,배치,,1.17.4.2,이동발령,양 사 협의된 일정으로 이동 발령
1,채용,1.18,파견직채용,1.18.1,파견직 처우 관리,파견직의 처우 수준 결정 및 파견직 채용에 대한 가이드라인을 설정하는 업무,1.18.1.1,파견직 처우 검토 및 보고,최저임금 등 변동에 따른 파견직 처우 검토 및 보고
1,채용,1.18,파견직채용,1.18.2,인력충원 요청,현업 부서가 파견 인력 필요를 제기하면 HR이 요청을 접수·검토하여 충원 필요성을 확인하고 승인 절차를 진행하는 단계,1.18.2.1,인력 충원 요청 접수,현업 부서 인력 니즈로 인해 파견직 채용 필요 시 HR에 인력 충원을 요청함
1,채용,1.18,파견직채용,1.18.2,인력충원 요청,,1.18.2.2,인력 충원 요청 검토 및 승인,"HR은 요청받은 인력충원에 대해 파견직 계약 사유, 직무, 채용시기, 계약기간 등 Fact Check 후, 인력충원에 대해 내부 보고 후 승인을 득함(승인권자는 자회사 별 상이)"
1,채용,1.18,파견직채용,1.18.3,모집,파견업체를 통해 JD에 적합한 인력 Pool을 확보하는 일련의 업무,1.18.3.1,인력충원 외부요청(HR→용역사),용역사에 의뢰하여 파견직 채용을 위한 인력 서칭 요청. 용역사에 채용 포지션 Job Description/처우 등 필요정보를 전달함
1,채용,1.18,파견직채용,1.18.3,모집,,1.18.3.2,지원자 모집,"용역사 주관 下 인력 모집을 진행하고, 접수된 지원서를 HR기획팀에 전달함"
1,채용,1.18,파견직채용,1.18.4,선발,파견직원 선발을 위한 회사 별 채용절차(자율 운영 가능)를 진행하는 업무,1.18.4.1,서류 검토,용역사로부터 전달받은 지원서를 검토(지원현황 관리 포함)하여 서류전형 결과 확정 및 용역사 공유
1,채용,1.18,파견직채용,1.18.4,선발,,1.18.4.2,면접 사전 준비,"일정 조율 및 면접 준비, 면접 안내 등"
1,채용,1.18,파견직채용,1.18.4,선발,,1.18.4.3,면접 전형 실시,면접 진행
1,채용,1.18,파견직채용,1.18.4,선발,,1.18.4.4,채용 여부 검토 및 확정,면접자 채용 관련 내부 보고 (보고 대상자 자회사 별 확인 필요)
1,채용,1.18,파견직채용,1.18.4,선발,,1.18.4.5,면접 결과 안내,"(지원자 소통은 용역사 통해 진행) 결과 안내, 입사 전 필요 서류 준비, 처우 통보, 입사일자 조율 등 후속업무 진행을 위해 필요사항 요청"
1,채용,1.18,파견직채용,1.18.5,후속업무,파견직 전형 합격자의 입사 전 필요 사항을 준비하는 업무,1.18.5.1,채용검진/신원조회 요청/실시,"채용검진, 신원조회 등 입사 전 필요한 필수 후속 조치 등 안내/실시"
1,채용,1.18,파견직채용,1.18.5,후속업무,,1.18.5.2,입사 준비,"입사 안내(용역사), 발령 처리를 위한 사전 작업, 유관부서 Comm., 집기 신청 등 입사 준비 세부사항 일괄 포함"
1,채용,1.18,파견직채용,1.18.6,입사/발령,신규 파견직원의 입사와 관련하여 필요한 공식적 절차를 수행하는 업무,1.18.6.1,품의 상신,"파견직 업체 계약, 파견직 채용 품의 등 절차상 필요사항 진행"
1,채용,1.18,파견직채용,1.18.6,입사/발령,,1.18.6.2,발령 처리 및 시스템 정보 입력,입사자의 개인정보 및 제출서류 정보 등을 회사 인사관리시스템에 등록하고 발령 처리 완료
1,채용,1.18,파견직채용,1.18.7,비용 정산,파견직 급여 지급을 위한 업무 일체,1.18.7.1,월 별 자료 요청,월 별 파견직 급여 변동 현황 등을 BG/부문 담당자에게 요청함
1,채용,1.18,파견직채용,1.18.7,비용 정산,,1.18.7.2,자료 취합/정리 후 정산부서 전달,취합된 정보를 하나의 자료로 정리하여 큐벡스에 송부함(파견업체에 일괄 비용 처리)
1,채용,1.18,파견직채용,1.18.7,비용 정산,,1.18.7.3,퇴직자 연차 정산,"파견직 퇴사자 발생 시, 급여 정산 등을 위해 파견직 인원의 실사용 연차를 계산 후 큐벡스에 송부함"
1,채용,1.18,파견직채용,1.18.7,비용 정산,,1.18.7.4,파견적 복리후생 지급 대상 정리,파견직 중 명절 귀성여비 및 휴가비 대상자 리스트를 지급일 기준 BG/부문별로 정보를 요청한 뒤 취합하여 큐벡스에 송부함
1,채용,1.19,계약직채용,1.19.1,인력충원 요청,현업 부서 인력 니즈 발생 시 HR에 계약직 충원을 요청하는 업무,1.19.1.1,인력충원 요청 접수,현업 부서가 계약직 채용 필요 시 HR에 인력 충원을 요청함
1,채용,1.19,계약직채용,1.19.1,인력충원 요청,,1.19.1.2,(필요 시) 파견직 계약형태 변경 검토,계약직 채용 직무 등 기존 파견직의 계약형태 변경을 통한 충원 여부를 검토
1,채용,1.19,계약직채용,1.19.1,인력충원 요청,,1.19.1.3,인력충원 요청 검토 및 승인,"HR은 요청받은 인력충원에 대해 계약직 계약 사유, 직무, 채용시기, 계약기간 등 Fact Check 후, 인력충원에 대해 내부 보고 후 승인을 득함(승인권자는 자회사 별 상이)"
1,채용,1.19,계약직채용,1.19.2,모집,계약직 채용 공고를 작성·게시하고 지원자를 접수하는 업무,1.19.2.1,모집공고 게시,내부/외부 사이트에 채용 공고 게시
1,채용,1.19,계약직채용,1.19.2,모집,,1.19.2.2,인력 추천 요청,"현장 별 추천 인력 Pool 요청하거나, 외부 S/F 등에 추천 요청진행"
1,채용,1.19,계약직채용,1.19.2,모집,,1.19.2.3,서류 접수,여러 채용 채널을 통해 접수된 인력서를 취합/관리
1,채용,1.19,계약직채용,1.19.3,선발,서류 및 면접전형을 통해 계약직 최종합격자를 선발하는 업무,1.19.3.1,서류전형 진행,이력서 검토를 통한 합/불 결정
1,채용,1.19,계약직채용,1.19.3,선발,,1.19.3.2,서류 결과 발표,서류전형 결과 발표
1,채용,1.19,계약직채용,1.19.3,선발,,1.19.3.3,면접 사전 준비,"일정 조율 및 면접 준비, 면접 안내 등"
1,채용,1.19,계약직채용,1.19.3,선발,,1.19.3.4,면접 전형 실시,면접 진행
1,채용,1.19,계약직채용,1.19.3,선발,,1.19.3.5,채용 여부 검토 및 확정,면접자 채용 관련 내부 및 합격자 선정(보고 대상자 자회사 별 확인 필요)
1,채용,1.19,계약직채용,1.19.3,선발,,1.19.3.6,면접 결과 안내,면접 결과 안내
1,채용,1.19,계약직채용,1.19.4,후속업무,채용 과정에서 발생하는 etc성 업무,1.19.4.1,채용검진/신원조회 요청/실시,"채용검진, 신원조회 등 입사 전 필요한 필수 후속 조치 등 안내/실시"
1,채용,1.19,계약직채용,1.19.5,처우/입사일정 협의,합격자에게 급여·복리후생 등 처우 조건을 안내하고 협의하는 단계,1.19.5.1,처우 검토 및 내부 보고,처우 산정 및 내부 보고를 통한 확정
1,채용,1.19,계약직채용,1.19.5,처우/입사일정 협의,,1.19.5.2,처우/입사일정 협의,"입사예정자와 처우(안) 및 입사일정 협의, 동의 득"
1,채용,1.19,계약직채용,1.19.6,신규입사자 입사 준비,합격자의 실제 입사 전 관련 행정적 절차를 준비하는 단계,1.19.6.1,입사 준비,"업무 집기(사원증, 노트북 등) 준비, 발령 준비를 위한 정보 요청 등 경력 입사자를 위한 입사 준비 일체"
1,채용,1.19,계약직채용,1.19.6,신규입사자 입사 준비,,1.19.6.2,입사 안내,"최종 입사대상자 입사 관련 사전 안내 (일정, 방법 등)"
1,채용,1.19,계약직채용,1.19.6,신규입사자 입사 준비,,1.19.6.3,계정 생성,입사예정자의 계정 생성
1,채용,1.19,계약직채용,1.19.6,신규입사자 입사 준비,,1.19.6.4,사원증 준비,취합된 증명사진을 유관 부서에 전달하여 공식 사원증 제작 요청
1,채용,1.19,계약직채용,1.19.6,신규입사자 입사 준비,,1.19.6.5,OA 준비,PC를 종류 별 수요 조사(설계 or 일반) 후 유관 부서에 수량 전달 및 배부 요청
1,채용,1.19,계약직채용,1.19.6,신규입사자 입사 준비,,1.19.6.6,payco 준비,근무 인원에 대한 payco 지급 요청 및 대상 안내
1,채용,1.19,계약직채용,1.19.6,신규입사자 입사 준비,,1.19.6.7,입문교육 관련 유관부서 Co-work,입문교육 담당부서에 필요 내용 공유
1,채용,1.19,계약직채용,1.19.6,신규입사자 입사 준비,,1.19.6.8,입사발령 데이터 입력 및 전송,입사예정자 정보를 인사시스템으로 전송하여 입사발령을 준비함
1,채용,1.19,계약직채용,1.19.7,입사/발령,,1.19.7.1,발령 준비,입사예정자 입사 발령을 위해 필요한 사전 준비 일체와 품의/시스템 처리
1,채용,1.19,계약직채용,1.19.7,입사/발령,,1.19.7.2,입사 서류 작성 및 제출,"근로계약서, 연봉계약서 등 입사 시 제출 필요한 서류 작성 및 제출"
1,채용,1.19,계약직채용,1.19.7,입사/발령,,1.19.7.3,인계,소속 조직으로 인계
1,채용,1.19,계약직채용,1.19.7,입사/발령,,1.19.7.4,입사 발령 등록 및 게시,입사 발령 처리 완료 및 게시
1,채용,1.20,장애인채용,1.20.1,장애인 채용 실시 계획 수립 및 보고,장애인 채용계획을 수립하고 실제 채용 인원 현황을 정리하여 보고하는 업무,1.20.1.1,인력현황 데이터 추출 및 장애인 고용현황 확인,"재직자 인력 데이터를 다운 받아, 장애인 고용현황 데이터 분석"
1,채용,1.20,장애인채용,1.20.1,장애인 채용 실시 계획 수립 및 보고,,1.20.1.2,장애인 채용 실시 계획 수립,장애인 채용 실시 계획 수립
1,채용,1.20,장애인채용,1.20.1,장애인 채용 실시 계획 수립 및 보고,,1.20.1.3,장애인 채용 실시 계획 보고,연초 채용할 장애인 인원 계획을 수립하여 인사총무본부장에게 보고함
1,채용,1.20,장애인채용,1.20.1,장애인 채용 실시 계획 수립 및 보고,,1.20.1.4,장애인 채용 실시 계획 보고 승인,연초 채용할 장애인 인원 계획을 확인하고 승인함
1,채용,1.20,장애인채용,1.20.2,장애인 고용현황 및 고용부담금 신고,장애인 고용현황 및 부담금 신고 업무(1월)을 위한 업무 전반,1.20.2.1,고용부담금 신고 준비,고용부담금 신고를 위하여 원천징수 자료 등 필요 서류를 유관부서에 요청 및 법인증명서 사용 요청
1,채용,1.20,장애인채용,1.20.2,장애인 고용현황 및 고용부담금 신고,,1.20.2.2,월별 상시근로자 수 파악,장애인 고용 부담금 계산을 위한 월별 상시근로자를 산정함
1,채용,1.20,장애인채용,1.20.2,장애인 고용현황 및 고용부담금 신고,,1.20.2.3,급여 정보 요청,재직중인 장애인 인원의 급여 정보를 요청하여 받음
1,채용,1.20,장애인채용,1.20.2,장애인 고용현황 및 고용부담금 신고,,1.20.2.4,장애인 연계고용부담금 확인,유관부서에 장애인 연계고용부담금 확인 요청 및 장애인 고용부담금 신고에 반영
1,채용,1.20,장애인채용,1.20.2,장애인 고용현황 및 고용부담금 신고,,1.20.2.5,고용부담금 사전 신고,"장애인 공단 시스템에 상시근로자 수와 장애인 현황/급여를 기입함(제출 전 단계로, 사전 신고) + 미달 인원에 대한 신규 채용계획(연간 장애인 채용 실시계획서 포함) 제출"
1,채용,1.20,장애인채용,1.20.2,장애인 고용현황 및 고용부담금 신고,,1.20.2.6,고용부담금 내역 확인,의무고용 미달 여부 확인 및 미달에 따른 고용부담금을 확인함
1,채용,1.20,장애인채용,1.20.2,장애인 고용현황 및 고용부담금 신고,,1.20.2.7,내부 보고,의무고용률 대비 채용·부담금 납부 예정 금액 등 상황을 최종 보고함
1,채용,1.20,장애인채용,1.20.2,장애인 고용현황 및 고용부담금 신고,,1.20.2.8,고용부담금 제출 방법 협의 및 공유,재무 조직에게 장애인 고용부담금 산정을 공유하며 제출 방법 협의
1,채용,1.20,장애인채용,1.20.2,장애인 고용현황 및 고용부담금 신고,,1.20.2.9,고용부담금 신고 완료,부담금 신고서 제출 완료
1,채용,1.20,장애인채용,1.20.2,장애인 고용현황 및 고용부담금 신고,,1.20.2.10,비용 처리,고용 부담금 지급 처리 (연 1회 or 연 4회)
1,채용,1.20,장애인채용,1.20.2,장애인 고용현황 및 고용부담금 신고,,1.20.2.11,명단공표 제외 대응,"1.5% 미만 고용 시, 추가 절차"
1,채용,1.20,장애인채용,1.20.3,기타,,1.20.3.1,장애인 의무교육 신고,법정 의무교육 수강 결과 입력
1,채용,1.20,장애인채용,1.20.3,기타,,1.20.3.2,장애인 직업재활상담원 관리,장애인 직업재활상담원 현황 관리 (장애인 20명 이상)
1,채용,1.21,보훈채용,1.21.1,보훈 인력 고용 현황 확인,"보훈청의 보훈인력 의무고용 현황 관련 공문 접수하고, 보훈 인원 고용현황을 확인하는 업무",1.21.1.1,보훈청 공문 접수,보훈청 공문에 따른 의무고용미달인원 및 해당연초 의무채용인원 확인
1,채용,1.21,보훈채용,1.21.1,보훈 인력 고용 현황 확인,,1.21.1.2,보훈인력현황 데이터 추출 및 고용현황 확인,"재직자 인력 데이터를 다운 받아, 보훈인력 고용현황 데이터 작업 실시"
1,채용,1.21,보훈채용,1.21.2,보훈 채용 계획 수립/보고,"보훈 인원 고용현황 기반으로, 의무고용 달성을 위한 추가 채용계획을 수립하고 보고하는 업무",1.21.2.1,보훈인력 채용 계획 수립,"보훈인력 재직현황, 의무고용율, 미달율 등을 고려한 보훈인력 채용계획 수립 (직무, 지원자격, 처우 등 세부사항 포함)"
1,채용,1.21,보훈채용,1.21.2,보훈 채용 계획 수립/보고,,1.21.2.2,보훈인력 고용현황 및 채용계획 보고,현재 고용현황 및 당해년도 채용계획 내부 보고 실시 (CEO or HR임원 등)
1,채용,1.21,보훈채용,1.21.2,보훈 채용 계획 수립/보고,,1.21.2.3,채용인원 사전 협의,"보고된 채용계획 기반으로 보훈청과 해당연도 채용인원에 대한 사전협의 진행 (당사 채용 의지, 채용 인원 조정 근거 작업 등 협의를 위한 사전 업무 포함)"
1,채용,1.21,보훈채용,1.21.2,보훈 채용 계획 수립/보고,,1.21.2.4,보훈청 공문 회신,사전 협의된 해당년도 채용계획/인원에 대한 공문 회신 및 채용인원 확정
1,채용,1.21,보훈채용,1.21.3,선발(공고),보훈 인력을 선발하기 위한 일련의 과정,1.21.3.1,채용 공고 게시,커리어두산에 보훈 채용 공고 게시
1,채용,1.21,보훈채용,1.21.3,선발(공고),,1.21.3.2,보훈대상자 추천 요청,해당 포지션에 적합한 보훈 인력 Pool 추천 요청
1,채용,1.21,보훈채용,1.21.4,선발(서류전형),서류 검토를 통해 합격자를 선별하는 과정,1.21.4.1,이력서 검토,접수된 이력서(보훈청 추천 포함)를 검토하여 서류 합격 여부 결정
1,채용,1.21,보훈채용,1.21.5,선발(면접전형),서류 합격자를 대상으로 면접을 실시하는 과정,1.21.5.1,면접 전형 실시,"서류 합격자 대상으로 면접 전형 진행 및 최종 합격자 선정, 입사 시기 확정"
1,채용,1.21,보훈채용,1.21.6,선발(선발평가),면접 결과를 통해 채용 여부를 검토하는 과정,1.21.6.1,채용 여부 검토 및 결정,"면접대상자의 채용 여부를 검토하고, 보고 등을 통해 최종 결정함 (합격자가 없는 경우, 채용공고 단계로 돌아감)"
1,채용,1.21,보훈채용,1.21.7,선발(결과 안내),합격자 및 불합격자에게 채용 전형에 대한 결과 안내를 수행,1.21.7.1,채용 결과 안내,지원자 대상 채용 결과 안내
1,채용,1.21,보훈채용,1.21.7,선발(결과 안내),보훈 인력 채용 결과를 보훈청에 보고함,1.21.7.2,채용 결과 보훈청 공유,보훈 인력 채용 결과를 보훈청에 공유(필요 시 공문 형태)
1,채용,1.21,보훈채용,1.21.8,후속업무,합격한 보훈 인력의 입사를 앞두고 처리하는 제반 업무,1.21.8.1,채용검진/신원조회 요청/실시,"채용검진, 신원조회 등 입사 전 필요한 필수 후속 조치 등 안내/실시"
1,채용,1.21,보훈채용,1.21.8,후속업무,,1.21.8.2,서류 제출 요청,취업지원대상자 증명서 서류 제출 요구 (입사 전 필수 발급 필요)
1,채용,1.21,보훈채용,1.21.9,입사 준비 및 입사,보훈 입사 인원에 대한 입사 통보서를 제출하는 업무,1.21.9.1,입사 사전 준비 및 입사,입사 처리 등에 필요한 업무 일체
1,채용,1.21,보훈채용,1.21.9,입사 준비 및 입사,,1.21.9.2,취업자 통보서 제출,"입사 확인 후, 보훈청에 취업자 통보서와 공문을 작성ㅇ하여 증빙서류와 함께 제출"
1,채용,1.21,보훈채용,1.21.9,입사 준비 및 입사,,1.21.9.3,현황 관리 파일 업데이트,"입/퇴사자 발생 시, 현황 관리 파일 업데이트"
1,채용,1.21,보훈채용,1.21.10,퇴사,보훈 퇴사 인원에 대한 퇴직자 통보서를 제출하는 업무,1.21.10.1,퇴직자 통보서 제출,"퇴사 확인 후, 보훈청에 퇴직자 통보서와 공문을 작성하여 증빙서류와 함께 제출"
1,채용,1.21,보훈채용,1.21.10,퇴사,,1.21.10.2,현황 관리 파일 업데이트,"입/퇴사자 발생 시, 현황 관리 파일 업데이트"
1,채용,1.21,보훈채용,1.21.11,보훈채용 실태조사서 신고,담당 보훈청에 보훈 인력 현황을 신고하는 업무(9월~10월),1.21.11.1,실태조사서 작성,8월 말 기준 회사 근로 인원 계산 및 보훈 재직자 인원 현황 작성
1,채용,1.21,보훈채용,1.21.11,보훈채용 실태조사서 신고,,1.21.11.2,급여 정보 요청 및 제출,재직중인 보훈 인원의 급여 정보를 요청하여 받은 뒤 실태조사서와 함께 제출함
1,채용,1.21,보훈채용,1.21.11,보훈채용 실태조사서 신고,,1.21.11.3,실태조사서 제출,실태조사서 보고 및 날인 후 제출
1,채용,1.21,보훈채용,1.21.12,특별고용명령 대응,보훈청의 특별고용명령(의무사항)을 대응하는 일련의 업무,1.21.12.1,특별고용명령 공문 수신,보훈청으로부터 보훈대상자 특별고용명령을 요청받음
1,채용,1.21,보훈채용,1.21.12,특별고용명령 대응,,1.21.12.2,특별고용명령 공문 수신 보고,"관련 내용을 확인하여, 대응 방안을 포함해 내부보고 진행"
1,채용,1.21,보훈채용,1.21.12,특별고용명령 대응,,1.21.12.3,특별고용명령 대응,"보훈채용의 ""선발(서류전형)→입사""까지의 과정을 진행하되, 별도의 공고 오픈 없이 보훈청의 추천인력 중 선발이 필요함"
1,채용,1.22,적극적고용개선조치(AA),1.22.1,현황 확인 및 고용/육성 계획 수립,법적 의무 및 내부 정책에 따라 적극적 고용개선 대상자의 고용현황을 확인하고 채용계획을 수립하는 업무,1.22.1.1,인력현황 데이터 추출 및 고용현황 확인,여성·장애인·보훈대상자 등 채용 목표 인원을 설정함
1,채용,1.22,적극적고용개선조치(AA),1.22.1,현황 확인 및 고용/육성 계획 수립,,1.22.1.2,목표 설정,여성 직원 및 여성 관리자(팀장) 고용 목표를 수립
1,채용,1.22,적극적고용개선조치(AA),1.22.1,현황 확인 및 고용/육성 계획 수립,,1.22.1.3,계획 수립,"여성 직원 채용 및 여성 관리자 육성 계획 수립하고, 연간 채용계획 및 기타 계획(교육, 승진 등)에 반영"
1,채용,1.22,적극적고용개선조치(AA),1.22.2,AA 신고,적극적 고용개선조치 시행계획서 및 실적보고서 신고,1.22.2.1,신고 사전 준비 및 보고,"시행계획서 항목별 작성을 위해 인원현황 자료분석(남녀고용비율 등), 업무 담당자에게 관련 정보 요청 및 관련 내용 취합/정리/작성하고 내부 보고를 진행(시스템 접속에 필요한 인증서 발급 등 제반 업무 모두 포함)"
1,채용,1.22,적극적고용개선조치(AA),1.22.2,AA 신고,,1.22.2.2,신고서 작성 및 신고,"당해연도 시행계획서 및 실태조사서, 작년 계획서 제출 대비 이행실적 등 제출"
1,채용,1.22,적극적고용개선조치(AA),1.22.2,AA 신고,,1.22.2.3,신고 결과 확인 및 보완 요청 대응,"신고 결과 공문 확인 및 내부 보고, 보완 요청 등이 있을 경우 보완 작업 및 재신고 진행(10월 경)"
1,채용,1.22,적극적고용개선조치(AA),1.22.2,AA 신고,,1.22.2.4,명단공표 제외 대응,"신고 결과에 따라 AA 미이행 사업주 명단공표 대상으로 선정될 경우, 명단공표 제외를 위한 제반 업무 수행"
1,채용,1.23,Selection Tool 개발,1.23.1,요구사항 정의,채용 선발 과정에서 필요한 평가도구의 요구사항을 정의하는 업무,1.23.1.1,평가 항목 도출,직무별로 필요한 역량과 평가 항목을 도출함
1,채용,1.23,Selection Tool 개발,1.23.1,요구사항 정의,,1.23.1.2,이해관계자 인터뷰,채용부서·HR·경영진과 인터뷰하여 요구사항을 수집함
1,채용,1.23,Selection Tool 개발,1.23.1,요구사항 정의,,1.23.1.3,요구사항 문서화,수집된 요구사항을 정리하여 공식 문서로 작성함
1,채용,1.23,Selection Tool 개발,1.23.2,도구 설계,"선발 평가도구의 구조와 방식(서류, 필기, 면접 등)을 설계하는 업무",1.23.2.1,평가 기준 설계,평가 항목별 점수 기준과 가중치를 설계함
1,채용,1.23,Selection Tool 개발,1.23.2,도구 설계,,1.23.2.2,평가 방식 정의,서류·필기·면접 등 평가 방식과 절차를 정의함
1,채용,1.23,Selection Tool 개발,1.23.2,도구 설계,,1.23.2.3,시나리오 작성,평가도구 활용 시나리오를 작성함
1,채용,1.23,Selection Tool 개발,1.23.3,도구 개발,설계된 평가도구를 실제로 개발·구현하는 업무,1.23.3.1,문항 개발,필기·인적성 검사 문항을 개발함
1,채용,1.23,Selection Tool 개발,1.23.3,도구 개발,,1.23.3.2,시스템 구현,평가도구를 HR 시스템에 구현함
1,채용,1.23,Selection Tool 개발,1.23.3,도구 개발,,1.23.3.3,시범 운영,개발된 도구를 소규모로 시범 운영함
1,채용,1.23,Selection Tool 개발,1.23.4,평가 기준 정립,Assessor가 일관되게 활용할 수 있는 평가 기준을 정립하는 업무,1.23.4.1,평가 매뉴얼 작성,직무별 평가 항목과 기준을 매뉴얼로 작성함
1,채용,1.23,Selection Tool 개발,1.23.4,평가 기준 정립,,1.23.4.2,평가 기준 공유,매뉴얼과 기준을 Assessor에게 공유함
1,채용,1.23,Selection Tool 개발,1.23.4,평가 기준 정립,,1.23.4.3,기준 준수 모니터링,실제 평가 과정에서 기준 준수 여부를 모니터링함
1,채용,1.23,Selection Tool 개발,1.23.5,검증 및 개선,평가도구의 타당성과 신뢰성을 검증하고 개선하는 업무,1.23.5.1,결과 분석,시범 운영 결과를 분석하여 문제점을 도출함
1,채용,1.23,Selection Tool 개발,1.23.5,검증 및 개선,,1.23.5.2,피드백 수집,면접관·지원자 등 사용자 피드백을 수집함
1,채용,1.23,Selection Tool 개발,1.23.5,검증 및 개선,,1.23.5.3,개선안 반영,분석 결과와 피드백을 반영하여 도구를 개선함
1,채용,1.23,Selection Tool 개발,1.23.6,운영 및 관리,평가도구를 실제 채용 과정에서 운영·관리하는 업무,1.23.6.1,도구 배포,개선된 평가도구를 채용부서에 배포함
1,채용,1.23,Selection Tool 개발,1.23.6,운영 및 관리,,1.23.6.2,사용자 교육,면접관·HR 담당자에게 도구 사용법을 교육함
1,채용,1.23,Selection Tool 개발,1.23.6,운영 및 관리,,1.23.6.3,운영 모니터링,채용 과정에서 도구 사용 현황을 모니터링함
1,채용,1.24,Assessor 육성,1.24.1,Assessor Pool 관리,면접관·평가자 풀을 구성하고 관리하는 업무,1.24.1.1,Assessor 명단 관리,"평가자로 참여한 명단을 관리함(면접 참여 횟수 등) (교육 인증 후 일정 기간동안 면접 참여 없을 경우, 인증 만료)"
1,채용,1.24,Assessor 육성,1.24.1,Assessor Pool 관리,,1.24.1.2,Assessor 교육 대상자 선정,임직원 중 Assessor 교육 참여가 가능한 대상자 선정
1,채용,1.24,Assessor 육성,1.24.1,Assessor Pool 관리,,1.24.1.3,Assessor 교육 대상자 검토 및 최종 확정,교육대상 희망자으 기준 충족 여부 검토 및 교육대상자 여부 최종 확정
1,채용,1.24,Assessor 육성,1.24.1,Assessor Pool 관리,,1.24.1.4,Assessor 명단 등록,교육을 통해 신규 인증을 확보한 Assessor Pool을 채용 시스템에 등록함
1,채용,1.24,Assessor 육성,1.24.2,교육 프로그램 운영,Assessor 육성을 위해 교육을 운영하는 업무,1.24.2.1,교육 개발/운영 업체 관리,Assessor 교육 개발/운영업체(ACG) 관리
1,채용,1.24,Assessor 육성,1.24.2,교육 프로그램 운영,,1.24.2.2,교육 커리큘럼 설계,면접·평가 기준·공정성·법적 준수사항을 포함한 교육 커리큘럼을 설계함
1,채용,1.24,Assessor 육성,1.24.2,교육 프로그램 운영,,1.24.2.3,교육 계획 수립 및 보고,연간 교육 일정 및 세부 계획 수립 및 보고
1,채용,1.24,Assessor 육성,1.24.2,교육 프로그램 운영,,1.24.2.4,교육 및 인증평가 실시,"Assessor 대상 교육을 실시하여, 교육 대상자들이 평가자로서 필요한 역량을 보유하였는지 인증 평가 실시 (실제 운영은 업체 위탁)"
1,채용,1.24,Assessor 육성,1.24.2,교육 프로그램 운영,,1.24.2.5,교육 결과 확인 및 공유,"교육결과를 확인하고, 각 자회사(또는 본인)에게 공유"
1,채용,1.25,채용시스템 관리,1.25.1,사용자 지원,채용시스템을 안정적으로 운영하고 사용자 접근을 관리하는 업무,1.25.1.1,사용자 계정 관리,채용시스템 사용자 계정을 생성·권한 부여·삭제함
1,채용,1.25,채용시스템 관리,1.25.2,시스템 운영,채용시스템을 운영하고 특이사항에 대처하는 업무,1.25.2.1,이슈 전달 및 접수,시스템 문제 및 개선 사항 전달 및 접수
1,채용,1.25,채용시스템 관리,1.25.2,시스템 운영,,1.25.2.2,시스템 모니터링,채용시스템의 정상 작동 여부를 모니터링함
1,채용,1.25,채용시스템 관리,1.25.2,시스템 운영,,1.25.2.3,장애 대응,시스템 장애 발생 시 원인을 파악하고 복구함
1,채용,1.25,채용시스템 관리,1.25.3,데이터 관리,채용 관련 데이터를 안전하게 저장·관리하는 업무,1.25.3.1,데이터 보안 점검,개인정보 보호 및 보안 규정을 준수하는지 점검함
1,채용,1.25,채용시스템 관리,1.25.3,데이터 관리,,1.25.3.2,데이터 삭제,채용 데이터를 기준에 맞게 정기적으로 삭제함
1,채용,1.25,채용시스템 관리,1.25.4,기능 개선,채용시스템의 기능을 개선하고 사용자 요구를 반영하는 업무,1.25.4.1,요구사항 수집,HR 및 채용부서로부터 시스템 개선 요구사항을 수집함
1,채용,1.25,채용시스템 관리,1.25.4,기능 개선,,1.25.4.2,개선안 기획,수집된 요구사항을 바탕으로 개선안을 기획함
1,채용,1.25,채용시스템 관리,1.25.4,기능 개선,,1.25.4.3,개선 기능 적용,개발팀과 협업하여 개선 기능을 시스템에 적용함
1,채용,1.25,채용시스템 관리,1.25.1,사용자 지원,채용시스템 사용자에게 지원을 제공하는 업무,1.25.1.2,사용자 매뉴얼 제공,시스템 사용 매뉴얼을 작성하여 배포함
1,채용,1.25,채용시스템 관리,1.25.1,사용자 지원,,1.25.1.3,사용자 교육,HR 및 채용부서 담당자에게 시스템 사용법을 교육함
1,채용,1.26,기타,1.26.1,신년음악회,그룹 신입사원 참석 행사 관련 업무,1.26.1.1,신년음악회 참석 업무 대응,"차년도 1월 신년음악회 참석 관련 업무 대응 (대상자 커뮤니케이션, 인솔 등)"
1,채용,1.26,기타,1.26.1,신년음악회,,1.26.1.2,신입사원 음악회 참석 사전 업무,참석 사전 준비(창원 인원 숙박 및 이동 교통편 마련)
1,채용,1.26,기타,1.26.1,신년음악회,,1.26.1.3,대상자 선정,"합창, 그룹 회장님과의 사진촬영 대상자 선정"
1,채용,1.26,기타,1.26.2,신규입사자 Welcome Kit,그룹 신규입사자 입사 축하 선물 관련 업무,1.26.2.1,제작 수요 조사 및 취합,연 1회 제작 수요를 조사하여 취합
1,채용,1.26,기타,1.26.2,신규입사자 Welcome Kit,,1.26.2.2,제작 문의 진행,수요 기반 제작 일정/견적 문의 및 제작 요청
1,채용,1.26,기타,1.26.2,신규입사자 Welcome Kit,,1.26.2.3,배송 및 정산,각 자회사 물품 수령 확인 후 정산 진행
1,채용,1.26,기타,1.26.3,채용 관련 법 개정 대응,채용 관련 유관법령을 모니터링하여 재개정 사항을 사내에 신속히 반영하여 관련된 법적 리스크를 예방하는 업무,1.26.3.1,관련 법 개정 사항 확인 및 노무 의견 수렴,근로기준법 등 채용 유관 법령에 대한 개정 사항을 확인하고 사내 제도 및 프로세스 변경 필요 여부에 대한 담당 노무법인/노무사/변호사 등 전문인력의 의견을 수신함
1,채용,1.26,기타,1.26.3,채용 관련 법 개정 대응,,1.26.3.2,절차/기준 변경 검토,유관 법령 제개정에 따라 사내 제도 및 프로세스 변경이 필요하다고 특정된 사안에 대한 변경안 검토
1,채용,1.26,기타,1.26.3,채용 관련 법 개정 대응,,1.26.3.3,내부 보고,유관 법령 제개정에 따른 Follow-up 및 진행상황에 대한 보고자료를 작성하고 보고함
1,채용,1.26,기타,1.26.3,채용 관련 법 개정 대응,,1.26.3.4,Guide 작성 및 안내,유관 법령 제개정에 다라 변경된 사내 제도 및 프로세스에 대해 내부 임직원에게 공유하고 안내함
1,채용,1.26,기타,1.26.4,벤더사 관리,"채용 과정에서 계약하는 각종 벤더사(서치펌, 파견업체 등)를 관리하는 업무",1.26.4.1,업체 연중 실적 관리,커리어두산 서치펌/사내추천 공고 별도 지원을 통해 실적 관리
1,채용,1.26,기타,1.26.4,벤더사 관리,,1.26.4.2,업체 신규 계약 추진,계약 종료 업체 및 계약 신규 업체 등 업체 교체(안) HR 임원 보고
1,채용,1.26,기타,1.26.4,벤더사 관리,,1.26.4.3,업체 신규 계약 품의,신규 업체 계약 품의
1,채용,1.26,기타,1.26.4,벤더사 관리,,1.26.4.4,업체 온보딩 미팅,회사 방향성 및 운영 관련 안내